,iter1,iter2,iter3,iter4,iter5,iter6,iter7,iter8,iter9,iter10,iter11,iter12,iter13,iter14,iter15,iter16,iter17,iter18,iter19,iter20,iter21,iter22,iter23,iter24,iter25,iter26,iter27,iter28,iter29,iter30,iter31,iter32,iter33,iter34,iter35,iter36,iter37,iter38,iter39,iter40,iter41,iter42,iter43,iter44,iter45,iter46,iter47,iter48,iter49,iter50,iter51,iter52,iter53,iter54,iter55,iter56,iter57,iter58,iter59,iter60,iter61,iter62,iter63,iter64,iter65,iter66,iter67,iter68,iter69,iter70,iter71,iter72,iter73,iter74,iter75,iter76,iter77,iter78,iter79,iter80,iter81,iter82,iter83,iter84,iter85,iter86,iter87,iter88,iter89,iter90,iter91,iter92,iter93,iter94,iter95,iter96,iter97,iter98,iter99,iter100,iter101,iter102,iter103,iter104,iter105,iter106,iter107,iter108,iter109,iter110,iter111,iter112,iter113,iter114,iter115,iter116,iter117,iter118,iter119,iter120,iter121,iter122,iter123,iter124,iter125,iter126,iter127,iter128,iter129,iter130,iter131,iter132,iter133,iter134,iter135,iter136,iter137,iter138,iter139,iter140,iter141,iter142,iter143,iter144,iter145,iter146,iter147,iter148,iter149,iter150,iter151,iter152,iter153,iter154,iter155,iter156,iter157,iter158,iter159,iter160,iter161,iter162,iter163,iter164,iter165,iter166,iter167,iter168,iter169,iter170,iter171,iter172,iter173,iter174,iter175,iter176,iter177,iter178,iter179,iter180,iter181,iter182,iter183,iter184,iter185,iter186,iter187,iter188,iter189,iter190,iter191,iter192,iter193,iter194,iter195,iter196,iter197,iter198,iter199,iter200,iter201,iter202,iter203,iter204,iter205,iter206,iter207,iter208,iter209,iter210,iter211,iter212,iter213,iter214,iter215,iter216,iter217,iter218,iter219,iter220,iter221,iter222,iter223,iter224,iter225,iter226,iter227,iter228,iter229,iter230,iter231,iter232,iter233,iter234,iter235,iter236,iter237,iter238,iter239,iter240,iter241,iter242,iter243,iter244,iter245,iter246,iter247,iter248,iter249,iter250,iter251
run1,,,,,,,,,,,+0.146,+0.231,+0.238,+0.200,+0.226,+0.240,+0.207,+0.219,+0.164,+0.115,+0.073,+0.104,+0.073,+0.067,+0.053,+0.026,+0.003,+0.016,+0.004,-0.004,-0.023,-0.041,-0.052,-0.059,-0.062,-0.066,-0.039,-0.045,-0.055,-0.059,-0.054,-0.050,-0.055,-0.060,-0.064,-0.068,-0.078,-0.083,-0.089,-0.081,-0.079,-0.049,-0.052,-0.050,-0.047,-0.055,-0.052,-0.056,-0.060,-0.059,-0.056,-0.048,-0.053,-0.055,-0.059,-0.057,-0.048,-0.049,-0.049,-0.041,-0.042,-0.036,-0.033,-0.021,-0.014,-0.005,-0.011,-0.014,-0.016,-0.018,-0.014,-0.019,-0.020,-0.021,-0.010,-0.005,-0.002,-0.000,+0.013,+0.009,+0.005,+0.006,+0.003,+0.005,+0.005,-0.001,-0.001,-0.001,-0.003,+0.006,+0.003,+0.009,+0.005,+0.007,+0.007,+0.006,+0.019,+0.017,+0.016,+0.019,+0.043,+0.037,+0.033,+0.032,+0.056,+0.060,+0.057,+0.061,+0.057,+0.051,+0.049,+0.053,+0.054,+0.055,+0.069,+0.065,+0.067,+0.068,+0.063,+0.058,+0.056,+0.064,+0.072,+0.070,+0.066,+0.061,+0.066,+0.069,+0.075,+0.076,+0.073,+0.072,+0.084,+0.087,+0.096,+0.096,+0.094,+0.097,+0.104,+0.107,+0.110,+0.105,+0.103,+0.103,+0.104,+0.103,+0.103,+0.101,+0.112,+0.113,+0.108,+0.109,+0.105,+0.101,+0.101,+0.104,+0.102,+0.101,+0.102,+0.102,+0.101,+0.104,+0.102,+0.099,+0.095,+0.091,+0.089,+0.087,+0.101,+0.103,+0.102,+0.102,+0.111,+0.121,+0.124,+0.128,+0.131,+0.128,+0.126,+0.125,+0.127,+0.130,+0.130,+0.131,+0.136,+0.136,+0.134,+0.133,+0.134,+0.131,+0.132,+0.133,+0.130,+0.129,+0.137,+0.136,+0.139,+0.150,+0.150,+0.150,+0.151,+0.163,+0.167,+0.168,+0.179,+0.195,+0.194,+0.195,+0.204,+0.207,+0.206,+0.208,+0.218,+0.221,+0.221,+0.221,+0.216,+0.237,+0.239,+0.240,+0.239,+0.246,+0.246,+0.243,+0.246,+0.252,+0.255,+0.255,+0.255,+0.265,+0.284,+0.289,+0.292,+0.292,+0.290,+0.293,+0.317,+0.332,+0.329,+0.330,+0.336
run2,,,,,,,,,,,-0.245,-0.304,-0.347,-0.250,-0.272,-0.292,-0.293,-0.312,-0.336,-0.305,-0.250,-0.270,-0.288,-0.277,-0.290,-0.285,-0.296,-0.301,-0.301,-0.310,-0.309,-0.305,-0.300,-0.293,-0.290,-0.296,-0.288,-0.287,-0.264,-0.265,-0.271,-0.263,-0.266,-0.261,-0.245,-0.252,-0.242,-0.242,-0.234,-0.222,-0.222,-0.205,-0.184,-0.184,-0.180,-0.186,-0.185,-0.180,-0.185,-0.189,-0.184,-0.177,-0.176,-0.177,-0.170,-0.166,-0.165,-0.154,-0.147,-0.146,-0.137,-0.137,-0.123,-0.127,-0.128,-0.127,-0.121,-0.106,-0.106,-0.107,-0.108,-0.102,-0.097,-0.097,-0.096,-0.097,-0.094,-0.090,-0.091,-0.087,-0.091,-0.095,-0.097,-0.096,-0.067,-0.067,-0.070,-0.057,-0.061,-0.060,-0.059,-0.053,-0.047,-0.049,-0.045,-0.047,-0.049,-0.024,-0.026,-0.028,-0.018,-0.020,-0.020,-0.014,-0.013,-0.016,-0.018,-0.023,-0.024,-0.027,-0.019,-0.019,-0.022,-0.012,-0.011,-0.012,-0.010,-0.007,-0.001,+0.004,+0.002,-0.002,-0.006,-0.001,+0.007,+0.005,+0.019,+0.023,+0.029,+0.024,+0.029,+0.033,+0.034,+0.030,+0.035,+0.047,+0.049,+0.049,+0.046,+0.041,+0.040,+0.036,+0.048,+0.045,+0.043,+0.051,+0.054,+0.058,+0.060,+0.066,+0.064,+0.067,+0.066,+0.067,+0.066,+0.074,+0.075,+0.076,+0.080,+0.102,+0.102,+0.100,+0.098,+0.107,+0.107,+0.108,+0.118,+0.116,+0.116,+0.118,+0.133,+0.134,+0.130,+0.132,+0.130,+0.130,+0.128,+0.131,+0.130,+0.132,+0.131,+0.131,+0.126,+0.138,+0.139,+0.138,+0.151,+0.153,+0.150,+0.147,+0.143,+0.140,+0.145,+0.142,+0.150,+0.150,+0.160,+0.160,+0.158,+0.160,+0.159,+0.164,+0.171,+0.181,+0.184,+0.184,+0.181,+0.180,+0.188,+0.191,+0.190,+0.192,+0.192,+0.188,+0.191,+0.191,+0.192,+0.201,+0.201,+0.198,+0.217,+0.217,+0.217,+0.218,+0.214,+0.217,+0.226,+0.228,+0.232,+0.232,+0.242,+0.240,+0.246,+0.265,+0.265,+0.268,+0.292,+0.306,+0.302,+0.303,+0.304
run3,,,,,,,,,,,-0.053,-0.074,-0.089,-0.104,-0.123,-0.138,-0.098,-0.110,-0.106,-0.086,-0.054,-0.024,-0.045,-0.066,-0.078,-0.095,-0.104,-0.098,-0.087,-0.091,-0.101,-0.091,-0.095,-0.045,-0.020,-0.025,-0.012,-0.013,-0.022,-0.028,-0.041,-0.037,-0.010,-0.008,-0.017,-0.018,-0.009,-0.011,-0.014,-0.018,-0.021,-0.009,-0.013,-0.023,-0.023,-0.027,-0.031,-0.038,-0.044,-0.053,-0.055,-0.056,-0.063,-0.062,-0.064,-0.040,-0.037,-0.030,-0.031,-0.039,-0.042,-0.020,-0.009,-0.006,-0.009,-0.013,+0.014,+0.013,+0.011,+0.009,+0.013,+0.017,+0.015,+0.013,+0.012,+0.012,+0.011,+0.019,+0.020,+0.027,+0.027,+0.030,+0.035,+0.033,+0.030,+0.032,+0.041,+0.049,+0.054,+0.057,+0.055,+0.049,+0.057,+0.059,+0.063,+0.057,+0.069,+0.068,+0.066,+0.070,+0.074,+0.074,+0.074,+0.074,+0.069,+0.073,+0.071,+0.068,+0.066,+0.074,+0.077,+0.081,+0.076,+0.083,+0.086,+0.086,+0.090,+0.085,+0.091,+0.098,+0.096,+0.093,+0.101,+0.105,+0.107,+0.102,+0.097,+0.099,+0.094,+0.092,+0.089,+0.087,+0.101,+0.106,+0.107,+0.111,+0.106,+0.103,+0.098,+0.105,+0.109,+0.106,+0.105,+0.108,+0.108,+0.106,+0.106,+0.110,+0.109,+0.104,+0.104,+0.100,+0.099,+0.100,+0.100,+0.123,+0.121,+0.118,+0.128,+0.126,+0.122,+0.118,+0.117,+0.133,+0.131,+0.132,+0.130,+0.128,+0.137,+0.135,+0.133,+0.132,+0.131,+0.131,+0.133,+0.131,+0.135,+0.133,+0.132,+0.131,+0.143,+0.144,+0.143,+0.144,+0.144,+0.151,+0.152,+0.153,+0.156,+0.156,+0.156,+0.161,+0.169,+0.174,+0.184,+0.186,+0.186,+0.188,+0.186,+0.188,+0.200,+0.201,+0.211,+0.210,+0.220,+0.231,+0.234,+0.244,+0.244,+0.245,+0.244,+0.239,+0.242,+0.263,+0.262,+0.262,+0.263,+0.259,+0.266,+0.275,+0.276,+0.279,+0.285,+0.287,+0.283,+0.280,+0.280,+0.280,+0.280,+0.291,+0.309,+0.315,+0.317,+0.317,+0.315,+0.318,+0.342,+0.356,+0.354,+0.354,+0.361
run4,,,,,,,,,,,-0.422,-0.461,-0.496,-0.489,-0.497,-0.452,-0.472,-0.459,-0.378,-0.326,-0.333,-0.347,-0.372,-0.392,-0.407,-0.404,-0.392,-0.384,-0.347,-0.348,-0.361,-0.364,-0.356,-0.360,-0.362,-0.363,-0.361,-0.341,-0.318,-0.245,-0.242,-0.247,-0.249,-0.228,-0.220,-0.217,-0.227,-0.238,-0.244,-0.245,-0.238,-0.241,-0.242,-0.245,-0.254,-0.253,-0.216,-0.202,-0.212,-0.217,-0.218,-0.208,-0.217,-0.214,-0.220,-0.227,-0.223,-0.229,-0.230,-0.226,-0.219,-0.207,-0.207,-0.196,-0.196,-0.199,-0.194,-0.197,-0.192,-0.189,-0.192,-0.193,-0.195,-0.198,-0.201,-0.199,-0.203,-0.196,-0.177,-0.147,-0.146,-0.149,-0.152,-0.153,-0.149,-0.153,-0.152,-0.156,-0.158,-0.161,-0.158,-0.139,-0.131,-0.130,-0.126,-0.130,-0.123,-0.124,-0.125,-0.130,-0.133,-0.127,-0.119,-0.123,-0.121,-0.104,-0.098,-0.092,-0.095,-0.100,-0.102,-0.100,-0.095,-0.100,-0.100,-0.100,-0.102,-0.099,-0.101,-0.091,-0.088,-0.091,-0.092,-0.094,-0.092,-0.093,-0.093,-0.089,-0.088,-0.084,-0.084,-0.087,-0.088,-0.076,-0.072,-0.072,-0.068,-0.069,-0.070,-0.069,-0.071,-0.070,-0.065,-0.065,-0.061,-0.044,-0.042,-0.042,-0.042,-0.043,-0.042,-0.044,-0.033,-0.032,-0.033,-0.029,-0.032,-0.036,-0.040,-0.041,-0.024,-0.025,-0.021,-0.024,-0.021,-0.022,-0.018,-0.002,+0.004,+0.002,+0.000,+0.006,+0.008,+0.009,+0.009,+0.010,+0.009,+0.008,+0.010,+0.012,+0.009,+0.008,+0.017,+0.019,+0.017,+0.020,+0.020,+0.016,+0.018,+0.019,+0.024,+0.027,+0.031,+0.035,+0.038,+0.049,+0.050,+0.048,+0.058,+0.056,+0.055,+0.059,+0.064,+0.064,+0.065,+0.069,+0.080,+0.084,+0.085,+0.088,+0.095,+0.099,+0.100,+0.101,+0.102,+0.102,+0.104,+0.108,+0.110,+0.115,+0.111,+0.132,+0.138,+0.139,+0.135,+0.136,+0.137,+0.148,+0.148,+0.157,+0.163,+0.166,+0.165,+0.160,+0.175,+0.178,+0.203,+0.218,+0.214,+0.215,+0.222
run5,,,,,,,,,,,-0.211,-0.184,-0.115,-0.148,-0.140,-0.151,-0.149,-0.153,-0.166,-0.180,-0.152,-0.157,-0.159,-0.138,-0.127,-0.131,-0.141,-0.140,-0.125,-0.113,-0.118,-0.108,-0.117,-0.123,-0.120,-0.116,-0.125,-0.124,-0.122,-0.090,-0.090,-0.051,-0.047,-0.037,-0.038,-0.024,-0.030,-0.022,-0.032,-0.031,-0.035,-0.044,-0.024,-0.024,-0.027,-0.023,-0.010,-0.003,+0.023,+0.022,+0.017,+0.012,+0.015,+0.013,+0.014,+0.011,+0.004,-0.002,+0.001,-0.006,-0.005,-0.009,-0.011,-0.008,-0.009,-0.006,-0.007,-0.001,-0.002,+0.003,+0.003,+0.001,+0.004,+0.008,+0.004,-0.000,+0.001,+0.033,+0.030,+0.035,+0.037,+0.044,+0.047,+0.045,+0.054,+0.058,+0.056,+0.074,+0.072,+0.066,+0.062,+0.091,+0.098,+0.094,+0.098,+0.092,+0.089,+0.086,+0.109,+0.105,+0.109,+0.107,+0.109,+0.114,+0.114,+0.115,+0.119,+0.122,+0.131,+0.133,+0.134,+0.128,+0.123,+0.123,+0.124,+0.121,+0.119,+0.117,+0.127,+0.121,+0.117,+0.112,+0.117,+0.125,+0.123,+0.120,+0.117,+0.114,+0.111,+0.110,+0.112,+0.114,+0.111,+0.117,+0.123,+0.121,+0.119,+0.117,+0.121,+0.125,+0.128,+0.130,+0.141,+0.144,+0.142,+0.144,+0.148,+0.150,+0.148,+0.145,+0.147,+0.150,+0.153,+0.159,+0.156,+0.153,+0.150,+0.146,+0.145,+0.155,+0.155,+0.153,+0.148,+0.153,+0.155,+0.154,+0.164,+0.167,+0.166,+0.165,+0.165,+0.167,+0.168,+0.189,+0.185,+0.185,+0.193,+0.191,+0.189,+0.187,+0.184,+0.182,+0.184,+0.183,+0.184,+0.182,+0.185,+0.185,+0.181,+0.189,+0.194,+0.204,+0.205,+0.203,+0.199,+0.195,+0.193,+0.193,+0.197,+0.207,+0.207,+0.209,+0.207,+0.219,+0.216,+0.218,+0.219,+0.223,+0.222,+0.232,+0.231,+0.233,+0.243,+0.246,+0.253,+0.254,+0.250,+0.253,+0.272,+0.272,+0.272,+0.272,+0.276,+0.284,+0.280,+0.286,+0.289,+0.289,+0.289,+0.289,+0.299,+0.304,+0.307,+0.325,+0.323,+0.326,+0.350,+0.364,+0.360,+0.360,+0.367
run6,,,,,,,,,,,-0.157,-0.264,-0.346,-0.254,-0.309,-0.346,-0.395,-0.361,-0.387,-0.365,-0.388,-0.399,-0.426,-0.431,-0.428,-0.409,-0.430,-0.437,-0.437,-0.446,-0.450,-0.448,-0.431,-0.434,-0.437,-0.449,-0.440,-0.447,-0.437,-0.434,-0.425,-0.427,-0.410,-0.409,-0.400,-0.402,-0.396,-0.402,-0.407,-0.405,-0.405,-0.403,-0.402,-0.401,-0.397,-0.391,-0.370,-0.369,-0.360,-0.359,-0.357,-0.353,-0.348,-0.350,-0.331,-0.319,-0.317,-0.322,-0.313,-0.309,-0.284,-0.276,-0.276,-0.270,-0.271,-0.260,-0.250,-0.240,-0.227,-0.231,-0.228,-0.234,-0.234,-0.237,-0.242,-0.247,-0.242,-0.237,-0.241,-0.243,-0.247,-0.249,-0.244,-0.212,-0.213,-0.201,-0.206,-0.201,-0.203,-0.205,-0.207,-0.198,-0.202,-0.199,-0.198,-0.200,-0.204,-0.185,-0.187,-0.185,-0.182,-0.185,-0.186,-0.187,-0.183,-0.181,-0.180,-0.176,-0.179,-0.172,-0.173,-0.162,-0.155,-0.158,-0.159,-0.162,-0.164,-0.164,-0.162,-0.146,-0.148,-0.145,-0.139,-0.138,-0.140,-0.135,-0.135,-0.135,-0.138,-0.141,-0.145,-0.145,-0.139,-0.131,-0.130,-0.129,-0.124,-0.122,-0.123,-0.122,-0.124,-0.124,-0.121,-0.115,-0.098,-0.098,-0.100,-0.095,-0.094,-0.090,-0.085,-0.070,-0.067,-0.066,-0.069,-0.067,-0.068,-0.070,-0.069,-0.062,-0.064,-0.056,-0.051,-0.055,-0.056,-0.058,-0.055,-0.055,-0.054,-0.049,-0.049,-0.047,-0.044,-0.043,-0.033,-0.033,-0.031,-0.029,-0.024,-0.022,-0.025,-0.027,-0.022,-0.023,-0.010,-0.007,-0.009,-0.012,-0.013,-0.016,-0.013,-0.004,+0.007,+0.008,+0.007,+0.006,+0.008,+0.013,+0.022,+0.022,+0.025,+0.035,+0.039,+0.050,+0.051,+0.055,+0.058,+0.060,+0.061,+0.062,+0.062,+0.066,+0.087,+0.094,+0.094,+0.095,+0.104,+0.108,+0.104,+0.125,+0.126,+0.132,+0.130,+0.129,+0.129,+0.130,+0.139,+0.142,+0.141,+0.142,+0.152,+0.161,+0.164,+0.164,+0.174,+0.178,+0.192,+0.206,+0.203,+0.204,+0.205
run7,,,,,,,,,,,-0.181,-0.123,-0.182,-0.188,-0.182,-0.148,-0.119,-0.136,-0.154,-0.159,-0.166,-0.189,-0.192,-0.187,-0.200,-0.198,-0.201,-0.150,-0.167,-0.150,-0.120,-0.139,-0.134,-0.147,-0.152,-0.162,-0.157,-0.162,-0.172,-0.167,-0.173,-0.162,-0.161,-0.158,-0.154,-0.151,-0.115,-0.104,-0.090,-0.035,-0.030,-0.036,-0.042,-0.040,-0.046,+0.000,-0.007,-0.018,-0.019,-0.026,-0.033,-0.040,-0.044,-0.045,-0.042,-0.035,-0.030,-0.021,-0.030,-0.031,-0.039,-0.039,-0.046,-0.045,-0.053,-0.053,-0.050,-0.057,-0.063,-0.067,-0.069,-0.067,-0.073,-0.079,-0.080,-0.082,-0.086,-0.087,-0.076,-0.080,-0.062,-0.069,-0.074,-0.071,-0.073,-0.077,-0.073,-0.064,-0.051,-0.046,-0.039,-0.041,-0.044,-0.043,-0.045,-0.042,-0.039,-0.041,-0.043,-0.040,-0.036,-0.032,-0.008,-0.009,-0.002,-0.005,-0.006,-0.010,-0.010,+0.004,+0.005,+0.003,+0.001,+0.003,-0.001,+0.007,+0.012,+0.008,+0.004,+0.002,-0.003,-0.008,-0.009,-0.005,-0.001,+0.000,+0.004,+0.006,+0.004,+0.009,+0.008,+0.004,+0.005,+0.003,+0.013,+0.016,+0.012,+0.010,+0.022,+0.028,+0.031,+0.027,+0.033,+0.036,+0.032,+0.028,+0.031,+0.031,+0.029,+0.027,+0.038,+0.043,+0.045,+0.047,+0.046,+0.044,+0.047,+0.050,+0.052,+0.049,+0.047,+0.046,+0.042,+0.039,+0.038,+0.040,+0.047,+0.050,+0.048,+0.063,+0.062,+0.065,+0.065,+0.074,+0.073,+0.075,+0.076,+0.075,+0.076,+0.088,+0.088,+0.096,+0.095,+0.095,+0.092,+0.096,+0.098,+0.098,+0.103,+0.105,+0.108,+0.126,+0.126,+0.125,+0.130,+0.141,+0.153,+0.151,+0.152,+0.147,+0.146,+0.149,+0.145,+0.142,+0.141,+0.145,+0.145,+0.156,+0.154,+0.156,+0.153,+0.149,+0.152,+0.155,+0.156,+0.157,+0.178,+0.178,+0.178,+0.179,+0.180,+0.176,+0.183,+0.192,+0.195,+0.196,+0.199,+0.195,+0.193,+0.192,+0.202,+0.221,+0.227,+0.229,+0.227,+0.228,+0.253,+0.268,+0.264,+0.271,+0.271
run8,,,,,,,,,,,+0.149,+0.144,+0.165,+0.116,+0.164,+0.118,+0.149,+0.126,+0.088,+0.055,+0.091,+0.067,+0.055,+0.028,+0.012,+0.011,-0.001,-0.003,+0.003,-0.011,-0.024,-0.004,-0.003,-0.007,-0.016,-0.020,-0.032,-0.034,-0.026,-0.035,-0.029,-0.025,-0.013,-0.009,-0.005,-0.004,-0.008,+0.027,+0.022,+0.017,+0.014,+0.032,+0.035,+0.036,+0.034,+0.031,+0.027,+0.028,+0.044,+0.042,+0.051,+0.045,+0.047,+0.038,+0.042,+0.039,+0.043,+0.043,+0.047,+0.043,+0.045,+0.043,+0.039,+0.042,+0.049,+0.050,+0.048,+0.046,+0.052,+0.046,+0.044,+0.042,+0.040,+0.040,+0.038,+0.042,+0.041,+0.047,+0.051,+0.054,+0.052,+0.047,+0.046,+0.074,+0.082,+0.079,+0.080,+0.074,+0.080,+0.076,+0.096,+0.093,+0.091,+0.104,+0.099,+0.107,+0.103,+0.107,+0.107,+0.105,+0.099,+0.094,+0.096,+0.098,+0.095,+0.111,+0.106,+0.104,+0.106,+0.110,+0.110,+0.118,+0.117,+0.113,+0.130,+0.131,+0.128,+0.123,+0.123,+0.130,+0.133,+0.134,+0.142,+0.146,+0.149,+0.153,+0.155,+0.155,+0.156,+0.152,+0.149,+0.148,+0.157,+0.154,+0.154,+0.152,+0.155,+0.156,+0.158,+0.154,+0.149,+0.151,+0.154,+0.151,+0.148,+0.143,+0.141,+0.140,+0.140,+0.151,+0.154,+0.150,+0.151,+0.148,+0.153,+0.149,+0.146,+0.147,+0.148,+0.147,+0.156,+0.154,+0.160,+0.156,+0.152,+0.147,+0.145,+0.147,+0.149,+0.147,+0.145,+0.145,+0.144,+0.148,+0.153,+0.154,+0.153,+0.155,+0.154,+0.158,+0.167,+0.167,+0.168,+0.165,+0.162,+0.157,+0.169,+0.170,+0.181,+0.186,+0.184,+0.186,+0.199,+0.198,+0.208,+0.220,+0.222,+0.226,+0.230,+0.237,+0.236,+0.242,+0.252,+0.262,+0.259,+0.259,+0.260,+0.262,+0.258,+0.260,+0.261,+0.262,+0.265,+0.267,+0.267,+0.287,+0.286,+0.287,+0.302,+0.301,+0.300,+0.300,+0.303,+0.302,+0.298,+0.307,+0.302,+0.299,+0.296,+0.297,+0.307,+0.325,+0.330,+0.333,+0.331,+0.333,+0.358,+0.371,+0.369,+0.370,+0.370
run9,,,,,,,,,,,-0.293,-0.219,-0.014,+0.104,+0.090,+0.104,+0.040,+0.012,+0.049,+0.052,+0.019,-0.021,-0.036,-0.057,-0.036,-0.049,-0.069,-0.095,-0.082,-0.093,-0.094,-0.100,-0.103,-0.116,-0.114,-0.106,-0.113,-0.074,-0.093,-0.094,-0.111,-0.126,-0.122,-0.120,-0.135,-0.142,-0.146,-0.145,-0.156,-0.141,-0.144,-0.142,-0.149,-0.156,-0.163,-0.161,-0.142,-0.147,-0.148,-0.152,-0.142,-0.143,-0.137,-0.133,-0.108,-0.117,-0.118,-0.124,-0.123,-0.126,-0.128,-0.123,-0.121,-0.120,-0.117,-0.115,-0.118,-0.121,-0.120,-0.123,-0.113,-0.105,-0.101,-0.104,-0.109,-0.112,-0.110,-0.111,-0.117,-0.116,-0.117,-0.105,-0.108,-0.107,-0.086,-0.081,-0.081,-0.072,-0.068,-0.073,-0.065,-0.057,-0.046,-0.047,-0.042,-0.045,-0.046,-0.044,-0.047,-0.051,-0.053,-0.055,-0.059,-0.061,-0.059,-0.064,-0.061,-0.057,-0.054,-0.051,-0.052,-0.054,-0.047,-0.051,-0.051,-0.052,-0.036,-0.038,-0.029,-0.028,-0.031,-0.027,-0.030,-0.033,-0.035,-0.038,-0.036,-0.040,-0.035,-0.032,-0.036,-0.036,-0.037,-0.040,-0.030,-0.023,-0.019,-0.021,-0.017,+0.009,+0.009,+0.006,+0.011,+0.007,+0.003,-0.001,-0.002,-0.003,-0.004,+0.007,+0.004,+0.003,+0.001,+0.000,+0.001,+0.004,+0.007,+0.004,+0.006,+0.002,+0.001,+0.006,+0.004,-0.000,+0.000,+0.002,+0.008,+0.011,+0.012,+0.011,+0.011,+0.009,+0.009,+0.008,+0.010,+0.013,+0.010,+0.016,+0.016,+0.026,+0.024,+0.026,+0.040,+0.040,+0.040,+0.042,+0.040,+0.048,+0.050,+0.050,+0.055,+0.066,+0.068,+0.066,+0.063,+0.060,+0.058,+0.061,+0.072,+0.073,+0.077,+0.088,+0.090,+0.089,+0.100,+0.112,+0.112,+0.119,+0.130,+0.130,+0.134,+0.136,+0.136,+0.138,+0.138,+0.134,+0.138,+0.158,+0.158,+0.159,+0.159,+0.160,+0.160,+0.169,+0.170,+0.173,+0.182,+0.185,+0.186,+0.196,+0.199,+0.197,+0.216,+0.222,+0.222,+0.225,+0.250,+0.265,+0.263,+0.263,+0.264
run10,,,,,,,,,,,-0.071,-0.065,-0.086,-0.121,-0.150,-0.136,-0.161,-0.005,-0.023,-0.004,-0.036,-0.020,-0.016,-0.031,-0.024,-0.050,-0.048,-0.047,-0.051,-0.041,-0.045,-0.034,+0.009,+0.007,+0.002,+0.041,+0.038,+0.032,+0.030,+0.027,+0.019,+0.024,+0.010,-0.001,+0.000,+0.000,-0.004,-0.009,-0.021,-0.027,-0.036,-0.045,-0.048,-0.041,-0.040,-0.032,-0.027,-0.031,-0.038,-0.042,-0.032,-0.037,-0.040,-0.041,-0.045,-0.051,-0.045,-0.048,-0.052,-0.056,-0.059,-0.029,-0.030,-0.037,-0.040,-0.045,-0.049,-0.037,-0.032,-0.030,-0.026,-0.032,-0.023,-0.026,-0.028,-0.030,-0.032,-0.023,-0.017,-0.021,-0.023,-0.018,-0.023,-0.026,-0.012,-0.005,-0.004,-0.006,+0.005,+0.005,+0.007,+0.008,+0.002,-0.003,+0.004,-0.001,-0.001,-0.001,+0.005,+0.001,+0.008,+0.002,+0.004,+0.000,+0.006,+0.003,+0.005,+0.003,+0.000,+0.022,+0.031,+0.029,+0.034,+0.034,+0.039,+0.034,+0.030,+0.035,+0.042,+0.040,+0.054,+0.060,+0.059,+0.062,+0.061,+0.062,+0.066,+0.063,+0.060,+0.062,+0.059,+0.054,+0.051,+0.054,+0.061,+0.070,+0.067,+0.062,+0.063,+0.058,+0.063,+0.062,+0.060,+0.063,+0.075,+0.077,+0.079,+0.079,+0.074,+0.071,+0.067,+0.065,+0.063,+0.074,+0.071,+0.069,+0.065,+0.067,+0.063,+0.079,+0.080,+0.090,+0.091,+0.094,+0.096,+0.099,+0.098,+0.098,+0.100,+0.098,+0.096,+0.094,+0.093,+0.096,+0.098,+0.097,+0.097,+0.105,+0.106,+0.105,+0.106,+0.108,+0.117,+0.114,+0.112,+0.112,+0.117,+0.129,+0.126,+0.122,+0.133,+0.134,+0.136,+0.146,+0.159,+0.163,+0.167,+0.166,+0.167,+0.170,+0.170,+0.177,+0.174,+0.175,+0.178,+0.189,+0.188,+0.191,+0.192,+0.191,+0.187,+0.188,+0.191,+0.211,+0.214,+0.214,+0.214,+0.214,+0.210,+0.225,+0.225,+0.226,+0.226,+0.229,+0.231,+0.239,+0.239,+0.247,+0.243,+0.240,+0.241,+0.251,+0.270,+0.275,+0.273,+0.275,+0.300,+0.314,+0.312,+0.313,+0.314
run11,,,,,,,,,,,+0.057,-0.007,+0.112,+0.092,+0.064,+0.015,-0.010,+0.017,+0.013,+0.047,+0.029,+0.025,+0.005,-0.006,-0.029,-0.042,+0.031,+0.016,+0.002,+0.006,-0.011,-0.020,-0.006,-0.009,-0.017,-0.004,-0.016,-0.030,-0.022,-0.037,-0.042,-0.036,-0.041,-0.020,-0.034,-0.046,-0.051,-0.048,-0.055,-0.060,-0.038,-0.041,-0.052,-0.061,-0.070,-0.075,-0.085,-0.091,-0.097,-0.104,-0.098,-0.096,-0.084,-0.087,-0.088,-0.079,-0.075,-0.073,-0.059,-0.050,-0.048,-0.053,-0.055,-0.057,-0.056,-0.057,-0.054,-0.052,-0.056,-0.031,-0.033,-0.028,-0.036,-0.036,-0.040,-0.040,-0.045,-0.047,-0.053,-0.047,-0.052,-0.053,-0.044,-0.048,-0.053,-0.051,-0.054,-0.055,-0.056,-0.049,-0.049,-0.043,-0.039,-0.033,-0.033,-0.026,-0.021,-0.025,-0.026,-0.024,-0.028,-0.028,-0.026,-0.023,-0.022,-0.019,-0.024,-0.006,+0.002,-0.000,+0.010,+0.013,+0.018,+0.015,+0.013,+0.009,+0.010,+0.019,+0.015,+0.014,+0.016,+0.011,+0.016,+0.014,+0.029,+0.032,+0.036,+0.032,+0.030,+0.028,+0.028,+0.035,+0.035,+0.041,+0.041,+0.037,+0.041,+0.040,+0.053,+0.049,+0.046,+0.071,+0.068,+0.086,+0.085,+0.086,+0.090,+0.091,+0.092,+0.092,+0.091,+0.089,+0.087,+0.087,+0.083,+0.079,+0.075,+0.073,+0.071,+0.069,+0.067,+0.067,+0.074,+0.078,+0.080,+0.081,+0.086,+0.085,+0.085,+0.088,+0.086,+0.088,+0.089,+0.090,+0.088,+0.094,+0.097,+0.096,+0.093,+0.101,+0.102,+0.099,+0.111,+0.110,+0.109,+0.110,+0.113,+0.114,+0.115,+0.118,+0.118,+0.121,+0.131,+0.134,+0.134,+0.139,+0.149,+0.151,+0.150,+0.152,+0.150,+0.162,+0.173,+0.173,+0.176,+0.176,+0.177,+0.187,+0.197,+0.197,+0.200,+0.196,+0.217,+0.220,+0.220,+0.220,+0.221,+0.221,+0.219,+0.225,+0.234,+0.238,+0.243,+0.246,+0.242,+0.239,+0.240,+0.240,+0.240,+0.250,+0.269,+0.275,+0.277,+0.275,+0.275,+0.278,+0.303,+0.317,+0.313,+0.313,+0.320
run12,,,,,,,,,,,-0.307,-0.319,-0.294,-0.053,-0.020,-0.046,-0.073,-0.028,-0.053,-0.068,-0.095,-0.103,-0.075,-0.083,-0.100,-0.073,-0.066,-0.070,-0.076,-0.059,-0.059,-0.064,-0.069,-0.060,-0.069,-0.073,-0.064,-0.079,-0.068,-0.064,-0.066,-0.074,-0.088,-0.088,-0.093,-0.097,-0.106,-0.090,-0.077,-0.086,-0.090,-0.079,-0.078,-0.074,-0.079,-0.081,-0.082,-0.090,-0.091,-0.075,-0.084,-0.082,-0.083,-0.086,-0.085,-0.090,-0.081,-0.080,-0.081,-0.080,-0.084,-0.086,-0.088,-0.089,-0.095,-0.094,-0.098,-0.093,-0.087,-0.088,-0.089,-0.069,-0.068,-0.054,-0.050,-0.051,-0.046,-0.049,-0.048,-0.045,-0.044,-0.047,-0.051,-0.052,-0.056,-0.060,-0.054,-0.041,-0.034,-0.030,-0.022,-0.022,-0.024,-0.021,-0.002,-0.002,-0.004,-0.011,-0.015,-0.008,-0.004,-0.008,-0.012,+0.001,+0.001,+0.000,-0.005,-0.009,-0.003,+0.005,+0.012,+0.017,+0.021,+0.017,+0.022,+0.020,+0.018,+0.015,+0.026,+0.028,+0.036,+0.037,+0.034,+0.037,+0.041,+0.041,+0.040,+0.041,+0.045,+0.046,+0.060,+0.058,+0.060,+0.058,+0.054,+0.051,+0.056,+0.053,+0.053,+0.048,+0.048,+0.047,+0.046,+0.049,+0.047,+0.051,+0.052,+0.068,+0.069,+0.066,+0.061,+0.060,+0.057,+0.061,+0.056,+0.063,+0.061,+0.059,+0.063,+0.073,+0.076,+0.076,+0.078,+0.074,+0.075,+0.075,+0.071,+0.069,+0.071,+0.072,+0.082,+0.091,+0.091,+0.091,+0.092,+0.091,+0.097,+0.099,+0.099,+0.097,+0.094,+0.090,+0.088,+0.090,+0.087,+0.085,+0.087,+0.091,+0.091,+0.096,+0.099,+0.108,+0.112,+0.116,+0.127,+0.129,+0.128,+0.132,+0.130,+0.141,+0.143,+0.143,+0.153,+0.150,+0.160,+0.172,+0.182,+0.181,+0.177,+0.180,+0.201,+0.201,+0.202,+0.202,+0.202,+0.203,+0.212,+0.219,+0.220,+0.220,+0.223,+0.229,+0.232,+0.230,+0.226,+0.224,+0.224,+0.224,+0.225,+0.235,+0.254,+0.260,+0.262,+0.263,+0.261,+0.264,+0.289,+0.303,+0.301,+0.301,+0.309
run13,,,,,,,,,,,-0.261,-0.239,-0.229,-0.254,-0.265,-0.282,-0.268,-0.282,-0.269,-0.283,-0.286,-0.272,-0.258,-0.250,-0.222,-0.220,-0.212,-0.152,-0.156,-0.165,-0.141,-0.151,-0.141,-0.134,-0.145,-0.136,-0.148,-0.159,-0.161,-0.154,-0.137,-0.147,-0.141,-0.102,-0.114,-0.118,-0.118,-0.117,-0.118,-0.105,-0.114,-0.113,-0.115,-0.115,-0.105,-0.112,-0.105,-0.108,-0.110,-0.116,-0.101,-0.108,-0.095,-0.096,-0.089,-0.090,-0.072,-0.072,-0.073,-0.071,-0.057,-0.060,-0.052,-0.056,-0.047,-0.042,-0.040,-0.041,-0.041,-0.016,-0.022,-0.028,-0.031,-0.036,-0.040,-0.046,-0.044,-0.043,-0.034,-0.036,-0.036,-0.037,-0.040,-0.030,-0.032,-0.037,-0.039,-0.013,-0.016,-0.015,-0.019,-0.023,-0.017,-0.017,-0.015,-0.012,-0.015,-0.016,-0.014,+0.005,-0.001,-0.002,-0.002,-0.005,-0.005,+0.001,-0.003,-0.005,+0.004,+0.011,+0.015,+0.020,+0.017,+0.023,+0.044,+0.048,+0.043,+0.044,+0.042,+0.045,+0.042,+0.050,+0.048,+0.046,+0.051,+0.047,+0.047,+0.045,+0.041,+0.056,+0.055,+0.053,+0.049,+0.053,+0.052,+0.065,+0.066,+0.063,+0.064,+0.069,+0.070,+0.068,+0.064,+0.064,+0.064,+0.067,+0.071,+0.071,+0.077,+0.073,+0.077,+0.078,+0.074,+0.071,+0.067,+0.066,+0.065,+0.068,+0.066,+0.064,+0.064,+0.072,+0.072,+0.071,+0.071,+0.073,+0.088,+0.087,+0.087,+0.090,+0.093,+0.098,+0.100,+0.098,+0.096,+0.099,+0.098,+0.098,+0.104,+0.103,+0.101,+0.109,+0.109,+0.110,+0.121,+0.122,+0.119,+0.121,+0.122,+0.125,+0.122,+0.120,+0.129,+0.132,+0.132,+0.135,+0.138,+0.148,+0.152,+0.164,+0.166,+0.169,+0.170,+0.180,+0.191,+0.189,+0.188,+0.188,+0.204,+0.211,+0.211,+0.213,+0.213,+0.216,+0.215,+0.218,+0.220,+0.220,+0.216,+0.236,+0.238,+0.238,+0.238,+0.238,+0.239,+0.235,+0.238,+0.238,+0.247,+0.255,+0.257,+0.267,+0.286,+0.291,+0.289,+0.292,+0.316,+0.330,+0.328,+0.328,+0.329
run14,,,,,,,,,,,+0.113,+0.080,+0.106,+0.073,+0.156,+0.179,+0.158,+0.127,+0.134,+0.112,+0.106,+0.171,+0.157,+0.175,+0.181,+0.170,+0.149,+0.118,+0.105,+0.100,+0.101,+0.090,+0.088,+0.077,+0.072,+0.058,+0.039,+0.057,+0.047,+0.075,+0.061,+0.064,+0.073,+0.062,+0.048,+0.046,+0.042,+0.034,+0.036,+0.030,+0.057,+0.052,+0.041,+0.029,+0.017,+0.021,+0.011,+0.007,-0.001,-0.004,-0.008,-0.011,-0.013,-0.021,-0.023,-0.027,-0.029,-0.033,-0.029,-0.022,-0.020,-0.022,-0.017,-0.018,-0.018,-0.021,-0.025,+0.001,-0.002,-0.011,-0.017,-0.024,-0.029,-0.018,-0.007,-0.012,-0.008,+0.002,+0.007,+0.014,+0.010,+0.019,+0.016,+0.011,+0.007,+0.006,+0.004,+0.012,+0.010,+0.005,+0.019,+0.022,+0.017,+0.025,+0.018,+0.014,+0.012,+0.009,+0.011,+0.011,+0.007,+0.005,+0.006,+0.011,+0.013,+0.013,+0.022,+0.021,+0.018,+0.017,+0.027,+0.027,+0.027,+0.031,+0.040,+0.045,+0.048,+0.054,+0.051,+0.052,+0.060,+0.060,+0.064,+0.062,+0.066,+0.067,+0.068,+0.076,+0.079,+0.078,+0.080,+0.076,+0.071,+0.075,+0.073,+0.071,+0.083,+0.088,+0.091,+0.096,+0.092,+0.089,+0.085,+0.096,+0.096,+0.091,+0.089,+0.114,+0.111,+0.108,+0.118,+0.121,+0.117,+0.112,+0.112,+0.113,+0.110,+0.126,+0.123,+0.124,+0.120,+0.116,+0.112,+0.110,+0.111,+0.110,+0.110,+0.107,+0.110,+0.114,+0.113,+0.111,+0.108,+0.121,+0.120,+0.119,+0.122,+0.124,+0.125,+0.133,+0.134,+0.133,+0.137,+0.138,+0.139,+0.140,+0.151,+0.153,+0.151,+0.151,+0.149,+0.148,+0.144,+0.147,+0.147,+0.151,+0.153,+0.154,+0.165,+0.163,+0.160,+0.168,+0.166,+0.177,+0.174,+0.172,+0.184,+0.183,+0.187,+0.197,+0.206,+0.207,+0.214,+0.213,+0.214,+0.214,+0.214,+0.210,+0.213,+0.232,+0.232,+0.233,+0.233,+0.242,+0.245,+0.251,+0.253,+0.253,+0.254,+0.264,+0.267,+0.285,+0.291,+0.288,+0.289,+0.291,+0.316,+0.330,+0.326,+0.327,+0.333
run15,,,,,,,,,,,-0.081,-0.034,+0.012,+0.050,+0.093,+0.089,+0.046,+0.021,-0.010,-0.012,-0.027,-0.034,-0.045,-0.051,-0.022,-0.029,-0.022,-0.022,-0.012,-0.020,-0.023,-0.019,-0.005,-0.018,-0.012,-0.009,-0.009,-0.014,+0.029,+0.025,+0.026,+0.016,+0.020,+0.024,+0.033,+0.067,+0.061,+0.054,+0.074,+0.063,+0.057,+0.053,+0.049,+0.038,+0.050,+0.041,+0.030,+0.025,+0.014,+0.009,+0.016,+0.017,+0.019,+0.015,+0.013,+0.006,+0.004,+0.004,+0.044,+0.039,+0.033,+0.027,+0.022,+0.018,+0.028,+0.024,+0.031,+0.026,+0.030,+0.028,+0.029,+0.028,+0.032,+0.047,+0.046,+0.042,+0.043,+0.036,+0.034,+0.034,+0.034,+0.033,+0.028,+0.023,+0.029,+0.027,+0.034,+0.032,+0.031,+0.034,+0.032,+0.036,+0.031,+0.037,+0.037,+0.039,+0.041,+0.038,+0.042,+0.042,+0.044,+0.049,+0.054,+0.052,+0.048,+0.047,+0.048,+0.058,+0.056,+0.054,+0.061,+0.064,+0.061,+0.070,+0.081,+0.080,+0.076,+0.071,+0.074,+0.070,+0.071,+0.077,+0.084,+0.080,+0.081,+0.076,+0.080,+0.085,+0.083,+0.080,+0.078,+0.083,+0.082,+0.083,+0.081,+0.093,+0.092,+0.104,+0.100,+0.098,+0.096,+0.093,+0.097,+0.098,+0.096,+0.093,+0.089,+0.089,+0.120,+0.121,+0.119,+0.125,+0.130,+0.127,+0.137,+0.134,+0.132,+0.130,+0.132,+0.131,+0.133,+0.132,+0.135,+0.135,+0.138,+0.150,+0.153,+0.161,+0.158,+0.157,+0.158,+0.159,+0.158,+0.158,+0.167,+0.167,+0.170,+0.165,+0.166,+0.164,+0.161,+0.160,+0.162,+0.163,+0.164,+0.162,+0.161,+0.163,+0.165,+0.178,+0.189,+0.192,+0.196,+0.194,+0.196,+0.200,+0.201,+0.213,+0.215,+0.217,+0.213,+0.220,+0.220,+0.230,+0.230,+0.237,+0.237,+0.238,+0.239,+0.239,+0.247,+0.242,+0.245,+0.265,+0.266,+0.265,+0.266,+0.269,+0.272,+0.269,+0.264,+0.261,+0.260,+0.262,+0.262,+0.271,+0.273,+0.274,+0.284,+0.281,+0.289,+0.295,+0.297,+0.295,+0.309,+0.312,+0.337,+0.351,+0.349,+0.349,+0.350
run16,,,,,,,,,,,-0.397,-0.343,-0.374,-0.409,-0.348,-0.373,-0.404,-0.434,-0.448,-0.471,-0.432,-0.441,-0.413,-0.421,-0.439,-0.439,-0.417,-0.407,-0.401,-0.406,-0.262,-0.268,-0.270,-0.276,-0.272,-0.283,-0.286,-0.243,-0.242,-0.233,-0.248,-0.253,-0.262,-0.254,-0.266,-0.273,-0.283,-0.280,-0.285,-0.282,-0.275,-0.276,-0.280,-0.282,-0.282,-0.267,-0.271,-0.260,-0.259,-0.262,-0.234,-0.222,-0.230,-0.220,-0.226,-0.227,-0.223,-0.211,-0.203,-0.197,-0.199,-0.171,-0.134,-0.127,-0.106,-0.099,-0.110,-0.115,-0.107,-0.115,-0.121,-0.129,-0.131,-0.140,-0.143,-0.133,-0.137,-0.134,-0.140,-0.144,-0.144,-0.149,-0.155,-0.129,-0.128,-0.135,-0.141,-0.142,-0.143,-0.143,-0.143,-0.149,-0.152,-0.127,-0.128,-0.122,-0.121,-0.109,-0.097,-0.095,-0.095,-0.084,-0.081,-0.084,-0.089,-0.094,-0.100,-0.100,-0.099,-0.096,-0.091,-0.091,-0.078,-0.083,-0.087,-0.090,-0.090,-0.093,-0.096,-0.096,-0.098,-0.100,-0.098,-0.098,-0.100,-0.094,-0.090,-0.089,-0.092,-0.087,-0.089,-0.093,-0.095,-0.094,-0.095,-0.076,-0.074,-0.074,-0.075,-0.078,-0.079,-0.076,-0.043,-0.038,-0.034,-0.039,-0.041,-0.043,-0.046,-0.049,-0.053,-0.057,-0.059,-0.063,-0.064,-0.062,-0.060,-0.058,-0.055,-0.059,-0.063,-0.060,-0.058,-0.060,-0.062,-0.064,-0.066,-0.065,-0.062,-0.064,-0.064,-0.055,-0.056,-0.054,-0.055,-0.049,-0.053,-0.050,-0.051,-0.046,-0.045,-0.042,-0.041,-0.043,-0.040,-0.025,-0.020,-0.020,-0.016,-0.013,-0.013,-0.015,-0.019,-0.018,-0.019,-0.020,-0.017,-0.016,-0.016,-0.016,-0.016,-0.017,-0.015,-0.006,+0.001,+0.001,+0.001,+0.011,+0.012,+0.015,+0.012,+0.020,+0.022,+0.033,+0.034,+0.036,+0.035,+0.036,+0.036,+0.037,+0.038,+0.042,+0.043,+0.040,+0.049,+0.047,+0.051,+0.048,+0.052,+0.061,+0.072,+0.092,+0.098,+0.097,+0.097,+0.101,+0.127,+0.141,+0.140,+0.141,+0.143
run17,,,,,,,,,,,-0.648,-0.504,-0.518,-0.526,-0.513,-0.487,-0.471,-0.414,-0.426,-0.387,-0.367,-0.361,-0.346,-0.328,-0.318,-0.298,-0.296,-0.301,-0.299,-0.308,-0.287,-0.285,-0.282,-0.267,-0.270,-0.278,-0.268,-0.270,-0.263,-0.256,-0.251,-0.245,-0.237,-0.238,-0.236,-0.239,-0.245,-0.244,-0.241,-0.234,-0.235,-0.218,-0.143,-0.146,-0.118,-0.111,-0.113,-0.104,-0.097,-0.099,-0.105,-0.090,-0.059,-0.058,-0.056,-0.063,-0.071,-0.077,-0.081,-0.080,-0.080,-0.081,-0.085,-0.091,-0.090,-0.092,-0.083,-0.084,-0.086,-0.059,-0.050,-0.035,-0.037,-0.029,-0.027,-0.033,-0.016,-0.017,-0.022,-0.025,-0.029,-0.035,-0.037,-0.043,-0.030,-0.037,-0.040,-0.042,-0.036,-0.041,-0.036,-0.040,-0.045,-0.039,-0.042,-0.047,-0.052,-0.048,-0.046,-0.029,-0.022,-0.027,-0.023,-0.022,-0.021,-0.027,-0.031,-0.031,-0.026,-0.026,-0.027,-0.027,-0.028,-0.029,-0.028,-0.021,-0.025,-0.025,-0.029,-0.030,-0.034,-0.032,-0.033,-0.022,-0.026,-0.028,-0.026,-0.012,-0.014,-0.017,-0.016,-0.012,-0.010,-0.006,-0.008,-0.002,-0.006,-0.008,-0.002,+0.003,+0.001,+0.007,+0.009,+0.011,+0.009,+0.007,+0.004,+0.003,+0.004,+0.002,+0.002,+0.007,+0.009,+0.008,+0.009,+0.007,+0.010,+0.012,+0.019,+0.020,+0.020,+0.021,+0.023,+0.024,+0.027,+0.030,+0.028,+0.035,+0.033,+0.033,+0.032,+0.035,+0.036,+0.036,+0.039,+0.041,+0.044,+0.041,+0.040,+0.041,+0.047,+0.044,+0.044,+0.047,+0.049,+0.048,+0.046,+0.060,+0.061,+0.068,+0.074,+0.076,+0.079,+0.078,+0.081,+0.078,+0.077,+0.086,+0.087,+0.097,+0.099,+0.102,+0.100,+0.105,+0.117,+0.128,+0.127,+0.135,+0.145,+0.155,+0.155,+0.155,+0.163,+0.159,+0.162,+0.164,+0.184,+0.185,+0.185,+0.184,+0.184,+0.185,+0.185,+0.185,+0.194,+0.203,+0.206,+0.209,+0.206,+0.206,+0.217,+0.236,+0.241,+0.240,+0.240,+0.243,+0.268,+0.283,+0.281,+0.288,+0.288
run18,,,,,,,,,,,-0.061,-0.080,-0.124,-0.159,-0.170,-0.151,-0.162,-0.192,-0.213,-0.232,-0.225,-0.229,-0.215,-0.220,-0.181,-0.198,-0.201,-0.194,-0.192,-0.191,-0.200,-0.148,-0.127,-0.126,-0.121,-0.135,-0.141,-0.145,-0.144,-0.143,-0.147,-0.136,-0.131,-0.128,-0.133,-0.136,-0.146,-0.151,-0.139,-0.141,-0.140,-0.120,-0.123,-0.122,-0.111,-0.062,-0.073,-0.070,-0.076,-0.074,-0.075,-0.079,-0.086,-0.091,-0.092,-0.093,-0.091,-0.095,-0.086,-0.078,-0.079,-0.069,-0.076,-0.080,-0.066,-0.069,-0.061,-0.044,-0.045,-0.048,-0.044,-0.035,-0.031,-0.013,-0.009,-0.011,-0.012,+0.048,+0.077,+0.071,+0.065,+0.062,+0.055,+0.048,+0.043,+0.043,+0.059,+0.058,+0.054,+0.056,+0.050,+0.046,+0.042,+0.046,+0.040,+0.039,+0.045,+0.044,+0.040,+0.034,+0.029,+0.026,+0.035,+0.033,+0.039,+0.036,+0.031,+0.029,+0.052,+0.053,+0.057,+0.058,+0.055,+0.051,+0.048,+0.046,+0.043,+0.046,+0.047,+0.050,+0.056,+0.059,+0.058,+0.055,+0.054,+0.055,+0.055,+0.059,+0.055,+0.055,+0.059,+0.058,+0.058,+0.070,+0.068,+0.068,+0.072,+0.070,+0.081,+0.077,+0.073,+0.071,+0.072,+0.069,+0.068,+0.072,+0.070,+0.069,+0.072,+0.087,+0.088,+0.085,+0.080,+0.081,+0.078,+0.078,+0.076,+0.082,+0.083,+0.084,+0.083,+0.079,+0.075,+0.071,+0.067,+0.066,+0.064,+0.066,+0.070,+0.076,+0.075,+0.074,+0.084,+0.085,+0.081,+0.084,+0.092,+0.092,+0.093,+0.093,+0.094,+0.093,+0.098,+0.096,+0.098,+0.099,+0.095,+0.094,+0.103,+0.106,+0.108,+0.111,+0.115,+0.113,+0.108,+0.109,+0.112,+0.125,+0.136,+0.133,+0.132,+0.142,+0.143,+0.143,+0.143,+0.146,+0.147,+0.150,+0.154,+0.157,+0.167,+0.168,+0.175,+0.179,+0.179,+0.179,+0.179,+0.180,+0.182,+0.182,+0.186,+0.192,+0.189,+0.209,+0.209,+0.220,+0.216,+0.216,+0.217,+0.225,+0.231,+0.234,+0.232,+0.228,+0.242,+0.245,+0.270,+0.284,+0.282,+0.283,+0.290
run19,,,,,,,,,,,-0.090,-0.141,-0.169,-0.177,-0.191,-0.206,-0.222,-0.194,-0.168,-0.153,-0.128,-0.135,-0.138,-0.108,-0.115,-0.109,-0.102,-0.093,-0.091,-0.092,-0.091,-0.092,-0.094,-0.094,-0.046,-0.042,-0.044,-0.057,-0.054,-0.052,-0.048,-0.059,-0.054,-0.062,-0.063,-0.067,-0.070,-0.067,-0.058,-0.060,-0.051,-0.058,-0.046,-0.038,-0.021,-0.023,-0.028,-0.038,-0.039,-0.043,-0.050,-0.042,-0.039,-0.045,-0.053,-0.054,-0.033,-0.037,-0.037,-0.038,-0.033,-0.016,-0.019,-0.027,-0.012,-0.017,-0.018,-0.019,-0.022,-0.025,-0.027,-0.029,-0.030,-0.026,-0.019,-0.014,-0.015,-0.009,+0.001,-0.001,-0.005,+0.005,+0.010,+0.008,+0.005,+0.008,+0.003,+0.009,+0.007,+0.002,+0.009,+0.010,+0.016,+0.015,+0.019,+0.015,+0.014,+0.033,+0.038,+0.043,+0.039,+0.036,+0.031,+0.031,+0.026,+0.035,+0.036,+0.031,+0.034,+0.032,+0.028,+0.028,+0.036,+0.038,+0.053,+0.050,+0.053,+0.052,+0.048,+0.046,+0.051,+0.049,+0.046,+0.055,+0.056,+0.058,+0.059,+0.058,+0.062,+0.062,+0.058,+0.062,+0.062,+0.066,+0.071,+0.069,+0.068,+0.081,+0.083,+0.101,+0.101,+0.098,+0.097,+0.099,+0.097,+0.105,+0.108,+0.105,+0.101,+0.099,+0.105,+0.105,+0.104,+0.104,+0.119,+0.117,+0.126,+0.123,+0.118,+0.114,+0.112,+0.110,+0.111,+0.110,+0.110,+0.113,+0.111,+0.114,+0.120,+0.124,+0.126,+0.122,+0.118,+0.120,+0.120,+0.119,+0.119,+0.144,+0.146,+0.147,+0.155,+0.158,+0.159,+0.160,+0.160,+0.165,+0.167,+0.166,+0.170,+0.173,+0.185,+0.185,+0.180,+0.190,+0.191,+0.189,+0.185,+0.193,+0.193,+0.203,+0.202,+0.212,+0.213,+0.212,+0.219,+0.219,+0.216,+0.215,+0.215,+0.216,+0.224,+0.233,+0.233,+0.234,+0.236,+0.237,+0.237,+0.233,+0.235,+0.232,+0.251,+0.251,+0.251,+0.251,+0.254,+0.262,+0.265,+0.268,+0.271,+0.271,+0.269,+0.275,+0.278,+0.274,+0.282,+0.296,+0.321,+0.335,+0.331,+0.331,+0.332
run20,,,,,,,,,,,+0.077,+0.033,-0.006,-0.008,-0.028,-0.025,-0.004,-0.046,-0.049,+0.202,+0.177,+0.140,+0.092,+0.088,+0.053,+0.047,+0.023,+0.038,+0.021,-0.016,-0.028,-0.049,-0.059,-0.077,-0.093,-0.105,-0.114,-0.130,-0.140,-0.122,-0.133,-0.141,-0.157,-0.160,-0.139,-0.138,-0.144,-0.158,-0.165,-0.177,-0.188,-0.197,-0.194,-0.190,-0.195,-0.201,-0.209,-0.211,-0.213,-0.223,-0.229,-0.202,-0.207,-0.210,-0.201,-0.203,-0.205,-0.207,-0.209,-0.210,-0.212,-0.208,-0.203,-0.204,-0.191,-0.198,-0.198,-0.203,-0.205,-0.201,-0.204,-0.198,-0.196,-0.199,-0.189,-0.193,-0.197,-0.195,-0.200,-0.198,-0.176,-0.168,-0.169,-0.168,-0.168,-0.164,-0.168,-0.160,-0.159,-0.162,-0.164,-0.165,-0.170,-0.167,-0.170,-0.173,-0.162,-0.157,-0.153,-0.149,-0.148,-0.144,-0.138,-0.132,-0.136,-0.137,-0.139,-0.143,-0.132,-0.107,-0.100,-0.100,-0.103,-0.097,-0.098,-0.100,-0.097,-0.100,-0.100,-0.097,-0.098,-0.093,-0.084,-0.089,-0.084,-0.078,-0.079,-0.075,-0.073,-0.068,-0.068,-0.068,-0.070,-0.074,-0.072,-0.069,-0.064,-0.066,-0.064,-0.052,-0.048,-0.048,-0.032,-0.033,-0.035,-0.032,-0.033,-0.034,-0.029,-0.032,-0.036,-0.040,-0.041,-0.042,-0.043,-0.042,-0.038,-0.042,-0.044,-0.033,-0.033,-0.035,-0.036,-0.031,-0.030,-0.030,-0.027,-0.027,-0.026,-0.028,-0.019,-0.017,-0.015,-0.018,-0.018,-0.016,-0.002,+0.033,+0.034,+0.037,+0.034,+0.032,+0.029,+0.041,+0.048,+0.053,+0.050,+0.051,+0.053,+0.051,+0.053,+0.052,+0.054,+0.052,+0.049,+0.046,+0.044,+0.049,+0.049,+0.056,+0.064,+0.065,+0.066,+0.068,+0.072,+0.073,+0.074,+0.073,+0.074,+0.075,+0.076,+0.072,+0.076,+0.097,+0.102,+0.103,+0.103,+0.104,+0.108,+0.118,+0.127,+0.134,+0.135,+0.142,+0.152,+0.149,+0.146,+0.143,+0.152,+0.151,+0.160,+0.163,+0.165,+0.164,+0.174,+0.177,+0.192,+0.206,+0.205,+0.212,+0.213
run21,,,,,,,,,,,-0.659,-0.620,-0.583,-0.546,-0.511,-0.454,-0.434,-0.395,-0.372,-0.342,-0.329,-0.337,-0.331,-0.311,-0.258,-0.245,-0.236,-0.229,-0.200,-0.174,-0.166,-0.150,-0.155,-0.118,-0.110,-0.115,-0.100,-0.093,-0.091,-0.104,-0.099,-0.106,-0.111,-0.101,-0.103,-0.107,-0.111,-0.108,-0.110,-0.115,-0.114,-0.120,-0.125,-0.133,-0.125,-0.116,-0.115,-0.111,-0.113,-0.111,-0.115,-0.123,-0.126,-0.112,-0.114,-0.089,-0.080,-0.069,-0.061,-0.055,-0.056,-0.061,-0.048,-0.043,+0.012,+0.012,+0.015,+0.012,+0.011,+0.022,+0.014,+0.010,+0.017,+0.011,+0.018,+0.020,+0.022,+0.023,+0.043,+0.050,+0.046,+0.040,+0.046,+0.041,+0.039,+0.035,+0.033,+0.036,+0.037,+0.034,+0.043,+0.054,+0.052,+0.045,+0.043,+0.037,+0.042,+0.042,+0.055,+0.049,+0.047,+0.044,+0.038,+0.038,+0.032,+0.030,+0.040,+0.038,+0.042,+0.039,+0.044,+0.046,+0.047,+0.056,+0.060,+0.065,+0.066,+0.075,+0.072,+0.085,+0.083,+0.080,+0.081,+0.077,+0.080,+0.075,+0.073,+0.092,+0.092,+0.103,+0.104,+0.103,+0.098,+0.102,+0.100,+0.103,+0.114,+0.112,+0.108,+0.104,+0.102,+0.100,+0.098,+0.094,+0.089,+0.084,+0.082,+0.080,+0.082,+0.086,+0.086,+0.085,+0.086,+0.097,+0.093,+0.089,+0.085,+0.086,+0.087,+0.086,+0.081,+0.081,+0.080,+0.078,+0.084,+0.087,+0.090,+0.092,+0.094,+0.092,+0.092,+0.092,+0.091,+0.095,+0.095,+0.097,+0.100,+0.106,+0.109,+0.110,+0.107,+0.103,+0.109,+0.109,+0.105,+0.104,+0.113,+0.114,+0.112,+0.114,+0.117,+0.114,+0.112,+0.109,+0.109,+0.119,+0.122,+0.133,+0.128,+0.128,+0.129,+0.127,+0.131,+0.129,+0.141,+0.141,+0.149,+0.145,+0.155,+0.152,+0.153,+0.163,+0.163,+0.164,+0.164,+0.160,+0.164,+0.184,+0.184,+0.185,+0.186,+0.186,+0.186,+0.195,+0.195,+0.204,+0.208,+0.210,+0.211,+0.222,+0.241,+0.246,+0.249,+0.247,+0.248,+0.251,+0.276,+0.290,+0.291,+0.287,+0.294
run22,,,,,,,,,,,-0.080,-0.072,-0.112,-0.060,-0.069,-0.085,-0.109,-0.084,-0.082,-0.086,-0.087,-0.107,-0.092,-0.095,-0.093,-0.094,-0.092,-0.088,-0.104,-0.112,-0.114,-0.090,-0.093,-0.086,-0.092,-0.079,-0.075,-0.065,-0.041,-0.054,-0.060,-0.063,-0.059,-0.050,-0.046,-0.038,-0.044,-0.054,-0.021,-0.020,-0.023,-0.020,-0.026,-0.030,-0.032,-0.024,-0.023,-0.028,-0.034,-0.037,-0.043,-0.051,-0.056,-0.061,-0.057,-0.058,-0.061,-0.060,-0.056,-0.048,-0.026,-0.030,-0.029,-0.027,-0.028,-0.031,-0.033,-0.021,-0.026,-0.024,-0.029,-0.035,-0.034,-0.029,-0.034,-0.028,-0.024,-0.026,-0.022,-0.020,-0.025,-0.023,-0.027,+0.005,+0.013,+0.006,+0.011,+0.010,+0.008,+0.008,+0.015,+0.024,+0.027,+0.023,+0.030,+0.037,+0.035,+0.045,+0.049,+0.051,+0.049,+0.049,+0.108,+0.106,+0.104,+0.099,+0.099,+0.105,+0.101,+0.098,+0.102,+0.115,+0.112,+0.108,+0.101,+0.096,+0.092,+0.090,+0.089,+0.097,+0.105,+0.103,+0.101,+0.105,+0.105,+0.106,+0.108,+0.110,+0.105,+0.100,+0.100,+0.097,+0.093,+0.092,+0.098,+0.103,+0.104,+0.102,+0.099,+0.095,+0.093,+0.092,+0.088,+0.091,+0.098,+0.103,+0.103,+0.101,+0.104,+0.115,+0.111,+0.107,+0.105,+0.105,+0.103,+0.101,+0.103,+0.102,+0.099,+0.096,+0.125,+0.123,+0.136,+0.140,+0.141,+0.141,+0.145,+0.147,+0.144,+0.144,+0.146,+0.145,+0.151,+0.160,+0.162,+0.164,+0.164,+0.162,+0.162,+0.169,+0.178,+0.175,+0.170,+0.181,+0.182,+0.186,+0.197,+0.198,+0.199,+0.200,+0.202,+0.204,+0.202,+0.201,+0.199,+0.200,+0.198,+0.195,+0.194,+0.197,+0.204,+0.204,+0.200,+0.208,+0.206,+0.205,+0.207,+0.217,+0.217,+0.217,+0.225,+0.228,+0.229,+0.228,+0.229,+0.225,+0.228,+0.248,+0.248,+0.251,+0.251,+0.251,+0.254,+0.262,+0.268,+0.277,+0.285,+0.285,+0.295,+0.297,+0.295,+0.303,+0.305,+0.305,+0.315,+0.317,+0.331,+0.345,+0.343,+0.343,+0.343
run23,,,,,,,,,,,+0.011,-0.026,-0.039,-0.061,-0.061,-0.072,-0.065,-0.093,-0.080,-0.082,-0.102,-0.108,-0.101,-0.112,-0.129,-0.139,-0.142,-0.136,-0.117,-0.118,-0.125,-0.116,-0.126,-0.136,-0.117,-0.126,-0.134,-0.136,-0.139,-0.136,-0.136,-0.094,-0.097,-0.090,-0.075,-0.062,-0.063,-0.062,-0.065,-0.052,-0.053,-0.053,-0.053,-0.050,-0.059,-0.064,-0.065,-0.015,-0.020,-0.016,-0.020,-0.012,-0.014,-0.022,-0.007,+0.001,+0.004,+0.013,+0.019,+0.016,+0.028,+0.022,+0.017,+0.019,+0.073,+0.069,+0.061,+0.055,+0.051,+0.053,+0.060,+0.053,+0.056,+0.055,+0.053,+0.054,+0.054,+0.071,+0.081,+0.081,+0.091,+0.088,+0.118,+0.115,+0.113,+0.109,+0.105,+0.112,+0.116,+0.111,+0.134,+0.138,+0.130,+0.124,+0.119,+0.112,+0.106,+0.100,+0.097,+0.098,+0.103,+0.101,+0.111,+0.104,+0.100,+0.108,+0.105,+0.105,+0.119,+0.115,+0.110,+0.111,+0.107,+0.103,+0.102,+0.098,+0.092,+0.095,+0.098,+0.093,+0.093,+0.096,+0.100,+0.101,+0.095,+0.093,+0.090,+0.094,+0.092,+0.093,+0.098,+0.096,+0.093,+0.090,+0.091,+0.096,+0.102,+0.114,+0.112,+0.114,+0.115,+0.118,+0.124,+0.121,+0.120,+0.117,+0.121,+0.131,+0.128,+0.125,+0.125,+0.132,+0.129,+0.132,+0.130,+0.130,+0.131,+0.130,+0.127,+0.125,+0.125,+0.121,+0.123,+0.126,+0.124,+0.126,+0.125,+0.125,+0.125,+0.127,+0.128,+0.123,+0.122,+0.125,+0.124,+0.122,+0.119,+0.115,+0.113,+0.123,+0.122,+0.127,+0.135,+0.133,+0.132,+0.129,+0.130,+0.127,+0.128,+0.125,+0.123,+0.132,+0.135,+0.135,+0.135,+0.146,+0.150,+0.154,+0.156,+0.154,+0.166,+0.163,+0.173,+0.184,+0.185,+0.184,+0.192,+0.202,+0.202,+0.206,+0.205,+0.213,+0.214,+0.214,+0.210,+0.213,+0.233,+0.233,+0.234,+0.234,+0.234,+0.235,+0.235,+0.235,+0.244,+0.247,+0.256,+0.258,+0.259,+0.269,+0.272,+0.290,+0.296,+0.293,+0.294,+0.296,+0.321,+0.335,+0.333,+0.333,+0.334
run24,,,,,,,,,,,-0.516,-0.468,-0.465,-0.451,-0.372,-0.379,-0.318,-0.321,-0.330,-0.269,-0.274,-0.283,-0.269,-0.259,-0.253,-0.255,-0.254,-0.207,-0.205,-0.192,-0.188,-0.181,-0.177,-0.176,-0.167,-0.166,-0.129,-0.110,-0.113,-0.108,-0.117,-0.116,-0.121,-0.123,-0.121,-0.122,-0.101,-0.103,-0.111,-0.107,-0.074,-0.081,-0.076,-0.072,-0.063,-0.061,-0.058,-0.049,-0.040,-0.038,-0.024,-0.019,-0.020,-0.011,-0.006,-0.006,-0.013,+0.001,+0.008,+0.004,+0.001,+0.003,-0.000,-0.007,-0.011,-0.011,-0.013,-0.015,-0.014,-0.005,-0.002,+0.002,+0.017,+0.012,+0.016,+0.014,+0.013,+0.012,+0.018,+0.016,+0.014,+0.011,+0.009,+0.011,+0.008,+0.002,-0.002,-0.002,-0.003,+0.001,+0.002,+0.002,-0.003,-0.005,-0.003,-0.005,-0.004,+0.001,-0.000,+0.006,+0.009,+0.011,+0.029,+0.048,+0.046,+0.042,+0.047,+0.044,+0.041,+0.042,+0.043,+0.046,+0.050,+0.052,+0.055,+0.055,+0.061,+0.064,+0.065,+0.064,+0.068,+0.065,+0.072,+0.073,+0.076,+0.079,+0.083,+0.087,+0.083,+0.085,+0.083,+0.088,+0.087,+0.092,+0.093,+0.097,+0.113,+0.119,+0.117,+0.113,+0.114,+0.121,+0.123,+0.122,+0.121,+0.121,+0.121,+0.119,+0.121,+0.128,+0.135,+0.139,+0.137,+0.139,+0.135,+0.136,+0.131,+0.134,+0.131,+0.129,+0.139,+0.135,+0.131,+0.130,+0.128,+0.124,+0.120,+0.116,+0.114,+0.112,+0.126,+0.123,+0.120,+0.133,+0.136,+0.136,+0.138,+0.134,+0.136,+0.133,+0.136,+0.141,+0.141,+0.143,+0.142,+0.150,+0.149,+0.148,+0.155,+0.154,+0.157,+0.156,+0.152,+0.155,+0.155,+0.163,+0.160,+0.161,+0.166,+0.169,+0.180,+0.181,+0.185,+0.186,+0.188,+0.191,+0.190,+0.191,+0.193,+0.214,+0.223,+0.229,+0.229,+0.232,+0.228,+0.248,+0.251,+0.252,+0.249,+0.256,+0.255,+0.254,+0.254,+0.255,+0.251,+0.248,+0.257,+0.257,+0.267,+0.270,+0.279,+0.277,+0.280,+0.280,+0.290,+0.292,+0.306,+0.321,+0.317,+0.317,+0.324
run25,,,,,,,,,,,+0.090,+0.102,+0.073,+0.115,+0.048,+0.066,+0.013,+0.029,+0.003,-0.012,-0.029,-0.035,-0.043,-0.041,-0.042,-0.051,-0.054,-0.046,-0.045,-0.062,-0.072,-0.072,-0.088,-0.098,-0.106,-0.111,-0.124,-0.113,-0.125,-0.130,-0.125,-0.127,-0.132,-0.096,-0.072,-0.053,-0.056,-0.060,-0.067,-0.073,-0.072,-0.065,-0.024,-0.029,-0.036,-0.041,-0.046,-0.043,-0.052,-0.056,-0.054,-0.063,-0.073,-0.057,-0.063,-0.066,-0.061,-0.060,-0.064,-0.070,-0.075,-0.083,-0.080,-0.086,-0.085,-0.089,-0.081,-0.083,-0.079,-0.079,-0.081,-0.082,-0.082,-0.077,-0.069,-0.074,-0.077,-0.043,-0.045,-0.046,-0.050,-0.049,-0.045,-0.049,-0.053,-0.044,-0.037,-0.038,-0.032,-0.029,-0.026,-0.031,-0.027,-0.031,-0.029,-0.030,-0.024,-0.026,-0.028,-0.024,-0.018,-0.015,-0.008,-0.009,+0.003,+0.003,+0.019,+0.028,+0.023,+0.020,+0.017,+0.019,+0.026,+0.031,+0.029,+0.031,+0.027,+0.029,+0.027,+0.023,+0.026,+0.024,+0.022,+0.027,+0.022,+0.021,+0.049,+0.054,+0.052,+0.051,+0.049,+0.062,+0.058,+0.059,+0.067,+0.071,+0.068,+0.066,+0.064,+0.059,+0.058,+0.057,+0.053,+0.050,+0.050,+0.065,+0.061,+0.061,+0.059,+0.055,+0.059,+0.055,+0.053,+0.056,+0.054,+0.053,+0.059,+0.062,+0.061,+0.064,+0.066,+0.079,+0.078,+0.075,+0.071,+0.069,+0.074,+0.076,+0.077,+0.080,+0.081,+0.081,+0.086,+0.088,+0.098,+0.095,+0.098,+0.096,+0.102,+0.102,+0.100,+0.097,+0.105,+0.105,+0.105,+0.106,+0.109,+0.110,+0.108,+0.110,+0.111,+0.116,+0.118,+0.120,+0.117,+0.116,+0.124,+0.123,+0.133,+0.137,+0.139,+0.139,+0.151,+0.162,+0.160,+0.161,+0.161,+0.168,+0.178,+0.178,+0.182,+0.181,+0.188,+0.184,+0.187,+0.207,+0.208,+0.208,+0.208,+0.208,+0.208,+0.208,+0.209,+0.217,+0.226,+0.222,+0.226,+0.228,+0.229,+0.239,+0.258,+0.264,+0.266,+0.264,+0.264,+0.267,+0.292,+0.306,+0.304,+0.311,+0.311
run26,,,,,,,,,,,-0.247,-0.279,-0.304,-0.303,-0.292,-0.287,-0.285,-0.297,-0.291,-0.247,-0.245,-0.202,-0.194,-0.161,-0.135,-0.145,-0.116,-0.106,-0.107,-0.115,-0.132,-0.142,-0.145,-0.148,-0.160,-0.140,-0.135,-0.133,-0.134,-0.130,-0.139,-0.134,-0.132,-0.108,-0.104,-0.099,-0.103,-0.113,-0.078,-0.073,-0.078,-0.085,-0.082,-0.086,-0.088,-0.096,-0.097,-0.103,-0.111,-0.111,-0.111,-0.115,-0.116,-0.117,-0.101,-0.104,-0.100,-0.097,-0.103,-0.102,-0.106,-0.091,-0.097,-0.087,-0.087,-0.079,-0.064,-0.062,-0.063,-0.064,-0.060,-0.044,-0.047,-0.029,-0.027,-0.027,-0.026,-0.031,-0.021,-0.015,-0.015,-0.015,-0.020,-0.022,-0.024,-0.029,-0.034,-0.027,-0.027,-0.006,-0.007,-0.011,-0.004,-0.001,-0.006,+0.001,-0.004,-0.007,-0.012,-0.000,+0.002,+0.002,-0.001,-0.002,+0.001,+0.004,+0.021,+0.023,+0.024,+0.025,+0.022,+0.019,+0.022,+0.021,+0.018,+0.022,+0.020,+0.017,+0.015,+0.014,+0.016,+0.014,+0.017,+0.021,+0.022,+0.027,+0.029,+0.027,+0.045,+0.049,+0.056,+0.054,+0.051,+0.060,+0.059,+0.060,+0.058,+0.059,+0.071,+0.087,+0.084,+0.081,+0.084,+0.096,+0.095,+0.096,+0.100,+0.095,+0.091,+0.093,+0.099,+0.100,+0.115,+0.120,+0.117,+0.121,+0.121,+0.117,+0.119,+0.118,+0.116,+0.113,+0.111,+0.110,+0.114,+0.115,+0.111,+0.111,+0.111,+0.109,+0.106,+0.102,+0.101,+0.100,+0.100,+0.102,+0.105,+0.103,+0.100,+0.099,+0.098,+0.100,+0.100,+0.104,+0.107,+0.118,+0.118,+0.118,+0.120,+0.121,+0.122,+0.123,+0.122,+0.135,+0.146,+0.150,+0.158,+0.160,+0.172,+0.172,+0.179,+0.182,+0.182,+0.189,+0.200,+0.203,+0.203,+0.205,+0.204,+0.205,+0.206,+0.210,+0.207,+0.214,+0.224,+0.224,+0.227,+0.228,+0.224,+0.227,+0.246,+0.246,+0.266,+0.265,+0.264,+0.264,+0.264,+0.264,+0.272,+0.269,+0.272,+0.273,+0.278,+0.281,+0.279,+0.293,+0.295,+0.320,+0.334,+0.334,+0.335
run27,,,,,,,,,,,-0.146,-0.140,-0.150,-0.159,-0.164,-0.187,-0.195,-0.221,-0.162,-0.180,-0.177,-0.175,-0.185,-0.189,-0.193,-0.182,-0.194,-0.179,-0.189,-0.176,-0.177,-0.167,-0.163,-0.166,-0.175,-0.175,-0.184,-0.139,-0.148,-0.145,-0.147,-0.116,-0.105,-0.101,-0.100,-0.110,-0.115,-0.116,-0.123,-0.113,-0.111,-0.116,-0.117,-0.122,-0.122,-0.101,-0.101,-0.106,-0.112,-0.107,-0.109,-0.101,-0.103,-0.088,-0.094,-0.094,-0.087,-0.090,-0.090,-0.093,-0.090,-0.093,-0.097,-0.087,-0.083,-0.079,-0.079,-0.083,-0.083,-0.078,-0.078,-0.078,-0.065,-0.058,-0.055,-0.050,-0.051,-0.054,-0.046,-0.036,-0.032,-0.032,+0.040,+0.037,+0.038,+0.038,+0.035,+0.034,+0.040,+0.042,+0.040,+0.048,+0.042,+0.047,+0.042,+0.041,+0.041,+0.046,+0.042,+0.039,+0.036,+0.037,+0.034,+0.033,+0.049,+0.044,+0.040,+0.045,+0.050,+0.045,+0.043,+0.040,+0.035,+0.034,+0.044,+0.053,+0.058,+0.065,+0.063,+0.060,+0.058,+0.062,+0.059,+0.056,+0.056,+0.054,+0.092,+0.091,+0.090,+0.101,+0.106,+0.124,+0.119,+0.120,+0.124,+0.122,+0.121,+0.122,+0.119,+0.116,+0.117,+0.114,+0.114,+0.125,+0.121,+0.123,+0.135,+0.138,+0.139,+0.134,+0.133,+0.134,+0.135,+0.137,+0.136,+0.135,+0.134,+0.134,+0.131,+0.128,+0.128,+0.134,+0.135,+0.131,+0.128,+0.126,+0.123,+0.122,+0.123,+0.125,+0.123,+0.131,+0.133,+0.139,+0.134,+0.137,+0.145,+0.143,+0.145,+0.145,+0.148,+0.157,+0.157,+0.155,+0.156,+0.156,+0.151,+0.151,+0.153,+0.155,+0.160,+0.158,+0.169,+0.171,+0.175,+0.174,+0.175,+0.173,+0.170,+0.170,+0.171,+0.173,+0.181,+0.191,+0.201,+0.202,+0.202,+0.203,+0.206,+0.202,+0.205,+0.206,+0.206,+0.227,+0.227,+0.228,+0.231,+0.231,+0.240,+0.240,+0.243,+0.244,+0.250,+0.246,+0.244,+0.253,+0.261,+0.261,+0.271,+0.274,+0.282,+0.280,+0.283,+0.283,+0.293,+0.295,+0.309,+0.323,+0.319,+0.320,+0.327
run28,,,,,,,,,,,+0.108,+0.040,+0.003,-0.009,-0.027,+0.038,-0.023,-0.055,-0.014,-0.057,-0.072,-0.010,-0.022,-0.003,-0.038,-0.067,-0.095,-0.111,-0.123,-0.113,-0.088,-0.088,-0.098,-0.099,-0.118,-0.105,-0.116,-0.120,-0.129,-0.139,-0.143,-0.121,-0.126,-0.129,-0.140,-0.138,-0.149,-0.154,-0.165,-0.172,-0.174,-0.177,-0.178,-0.171,-0.140,-0.144,-0.139,-0.149,-0.134,-0.136,-0.134,-0.137,-0.129,-0.134,-0.137,-0.136,-0.138,-0.139,-0.141,-0.127,-0.118,-0.116,-0.111,-0.115,-0.106,-0.107,-0.106,-0.111,-0.115,-0.112,-0.104,-0.102,-0.103,-0.099,-0.100,-0.103,-0.103,-0.106,-0.100,-0.106,-0.078,-0.057,-0.061,-0.067,-0.072,-0.076,-0.076,-0.070,-0.072,-0.074,-0.079,-0.074,-0.078,-0.082,-0.074,-0.077,-0.076,-0.078,-0.077,-0.077,-0.068,-0.069,-0.072,-0.073,-0.075,-0.081,-0.082,-0.085,-0.079,-0.084,-0.086,-0.085,-0.077,-0.075,-0.074,-0.064,-0.066,-0.063,-0.057,-0.057,-0.057,-0.055,-0.051,-0.055,-0.058,-0.042,-0.043,-0.047,-0.049,-0.046,-0.044,-0.047,-0.045,-0.048,-0.043,-0.044,-0.030,-0.033,-0.034,-0.038,-0.034,-0.037,-0.032,-0.032,-0.034,-0.031,-0.029,-0.029,-0.026,-0.027,-0.029,-0.028,-0.027,-0.028,-0.029,-0.029,-0.021,-0.018,-0.017,-0.014,-0.017,-0.013,-0.013,-0.010,+0.002,+0.005,+0.004,+0.009,+0.012,+0.014,+0.017,+0.013,+0.015,+0.014,+0.012,+0.013,+0.022,+0.026,+0.030,+0.055,+0.054,+0.056,+0.057,+0.054,+0.055,+0.052,+0.049,+0.060,+0.062,+0.073,+0.076,+0.075,+0.080,+0.093,+0.095,+0.100,+0.112,+0.114,+0.125,+0.132,+0.144,+0.151,+0.151,+0.151,+0.148,+0.150,+0.150,+0.153,+0.153,+0.163,+0.159,+0.180,+0.183,+0.183,+0.183,+0.183,+0.184,+0.184,+0.187,+0.187,+0.187,+0.190,+0.196,+0.198,+0.206,+0.210,+0.213,+0.210,+0.206,+0.204,+0.212,+0.218,+0.221,+0.219,+0.233,+0.236,+0.261,+0.275,+0.273,+0.273,+0.274
run29,,,,,,,,,,,-0.150,-0.220,-0.144,-0.158,-0.213,-0.229,-0.191,-0.179,-0.183,-0.096,-0.122,-0.056,-0.063,-0.086,-0.096,-0.119,-0.153,-0.152,-0.175,-0.186,-0.191,-0.193,-0.208,-0.185,-0.204,-0.209,-0.220,-0.238,-0.238,-0.244,-0.252,-0.254,-0.237,-0.221,-0.227,-0.237,-0.226,-0.233,-0.244,-0.253,-0.240,-0.251,-0.259,-0.263,-0.272,-0.263,-0.252,-0.244,-0.246,-0.253,-0.253,-0.251,-0.244,-0.244,-0.235,-0.233,-0.234,-0.224,-0.227,-0.218,-0.219,-0.216,-0.212,-0.210,-0.216,-0.211,-0.212,-0.217,-0.215,-0.217,-0.220,-0.200,-0.198,-0.198,-0.201,-0.195,-0.196,-0.201,-0.203,-0.205,-0.201,-0.202,-0.185,-0.187,-0.176,-0.179,-0.181,-0.182,-0.187,-0.188,-0.188,-0.190,-0.190,-0.191,-0.194,-0.196,-0.196,-0.187,-0.187,-0.178,-0.181,-0.182,-0.177,-0.171,-0.174,-0.171,-0.170,-0.160,-0.148,-0.150,-0.151,-0.143,-0.143,-0.148,-0.145,-0.145,-0.144,-0.137,-0.138,-0.135,-0.133,-0.136,-0.135,-0.135,-0.137,-0.126,-0.129,-0.128,-0.132,-0.131,-0.135,-0.133,-0.134,-0.132,-0.134,-0.120,-0.123,-0.118,-0.115,-0.115,-0.114,-0.114,-0.114,-0.116,-0.116,-0.110,-0.107,-0.107,-0.092,-0.088,-0.085,-0.086,-0.089,-0.072,-0.076,-0.077,-0.077,-0.073,-0.071,-0.066,-0.064,-0.063,-0.051,-0.051,-0.049,-0.044,-0.043,-0.044,-0.042,-0.044,-0.045,-0.047,-0.043,-0.040,-0.035,-0.036,-0.030,-0.029,-0.031,-0.035,-0.030,-0.028,-0.016,-0.014,-0.015,-0.015,-0.014,-0.011,-0.013,-0.015,-0.017,-0.019,-0.018,-0.013,-0.010,-0.007,-0.009,-0.009,+0.014,+0.012,+0.011,+0.011,+0.012,+0.013,+0.024,+0.024,+0.028,+0.030,+0.038,+0.046,+0.057,+0.061,+0.062,+0.066,+0.066,+0.068,+0.070,+0.067,+0.088,+0.091,+0.092,+0.099,+0.099,+0.110,+0.111,+0.115,+0.116,+0.116,+0.118,+0.128,+0.137,+0.141,+0.139,+0.135,+0.141,+0.156,+0.159,+0.184,+0.183,+0.184,+0.192
run30,,,,,,,,,,,-0.118,-0.162,-0.158,-0.188,-0.231,-0.261,-0.277,-0.235,-0.242,-0.021,-0.048,-0.041,-0.009,-0.033,-0.064,-0.098,-0.111,-0.098,-0.107,-0.127,-0.147,-0.158,-0.172,-0.159,-0.175,-0.179,-0.194,-0.205,-0.211,-0.209,-0.222,-0.232,-0.236,-0.237,-0.241,-0.234,-0.230,-0.224,-0.222,-0.225,-0.226,-0.231,-0.228,-0.223,-0.225,-0.183,-0.176,-0.185,-0.187,-0.186,-0.169,-0.169,-0.173,-0.166,-0.164,-0.162,-0.161,-0.161,-0.163,-0.165,-0.159,-0.160,-0.160,-0.163,-0.163,-0.143,-0.137,-0.138,-0.130,-0.126,-0.114,-0.118,-0.120,-0.117,-0.118,-0.109,-0.112,-0.113,-0.118,-0.114,-0.106,-0.103,-0.105,-0.100,-0.097,-0.098,-0.097,-0.102,-0.095,-0.098,-0.092,-0.087,-0.091,-0.083,-0.088,-0.088,-0.091,-0.095,-0.094,-0.089,-0.087,-0.092,-0.093,-0.074,-0.076,-0.070,-0.076,-0.076,-0.075,-0.075,-0.070,-0.072,-0.063,-0.059,-0.054,-0.057,-0.050,-0.052,-0.053,-0.053,-0.055,-0.058,-0.052,-0.055,-0.059,-0.053,-0.050,-0.048,-0.051,-0.052,-0.051,-0.051,-0.023,-0.027,-0.030,-0.034,-0.035,-0.037,-0.039,-0.040,-0.038,-0.036,-0.035,-0.027,-0.018,-0.019,-0.022,-0.026,-0.014,-0.016,-0.016,-0.020,-0.020,-0.021,-0.004,-0.002,+0.000,-0.003,-0.007,-0.010,-0.011,+0.001,+0.001,+0.001,+0.001,-0.000,+0.003,+0.008,+0.011,+0.013,+0.016,+0.017,+0.016,+0.025,+0.024,+0.029,+0.030,+0.033,+0.038,+0.044,+0.045,+0.051,+0.048,+0.044,+0.048,+0.053,+0.054,+0.055,+0.058,+0.060,+0.061,+0.060,+0.058,+0.056,+0.067,+0.067,+0.080,+0.082,+0.080,+0.079,+0.081,+0.084,+0.081,+0.080,+0.088,+0.087,+0.094,+0.105,+0.105,+0.105,+0.109,+0.120,+0.123,+0.126,+0.126,+0.126,+0.136,+0.136,+0.138,+0.138,+0.138,+0.143,+0.152,+0.152,+0.155,+0.164,+0.167,+0.168,+0.176,+0.177,+0.187,+0.193,+0.212,+0.210,+0.211,+0.207,+0.210,+0.235,+0.249,+0.247,+0.255
run31,,,,,,,,,,,-0.188,-0.195,-0.209,-0.230,-0.212,-0.227,-0.181,-0.174,-0.184,-0.173,-0.160,-0.173,-0.175,-0.165,-0.167,-0.164,-0.169,-0.134,-0.106,-0.103,-0.082,-0.090,-0.087,-0.079,-0.071,-0.020,-0.026,-0.031,-0.031,-0.042,-0.036,-0.039,-0.050,-0.045,-0.040,-0.044,-0.006,-0.008,-0.012,-0.016,-0.014,-0.006,+0.021,+0.016,+0.017,+0.015,+0.026,+0.042,+0.039,+0.037,+0.043,+0.047,+0.051,+0.061,+0.056,+0.062,+0.067,+0.072,+0.065,+0.062,+0.065,+0.058,+0.061,+0.062,+0.057,+0.053,+0.050,+0.048,+0.045,+0.056,+0.049,+0.049,+0.050,+0.046,+0.052,+0.047,+0.049,+0.071,+0.067,+0.070,+0.066,+0.074,+0.081,+0.082,+0.080,+0.077,+0.082,+0.080,+0.082,+0.082,+0.084,+0.082,+0.080,+0.074,+0.069,+0.064,+0.064,+0.069,+0.066,+0.068,+0.066,+0.064,+0.066,+0.077,+0.072,+0.070,+0.072,+0.070,+0.077,+0.073,+0.068,+0.073,+0.068,+0.065,+0.063,+0.082,+0.084,+0.092,+0.095,+0.098,+0.093,+0.097,+0.094,+0.099,+0.095,+0.095,+0.095,+0.099,+0.103,+0.106,+0.107,+0.116,+0.128,+0.127,+0.125,+0.152,+0.146,+0.142,+0.137,+0.135,+0.131,+0.142,+0.140,+0.137,+0.149,+0.144,+0.140,+0.139,+0.137,+0.135,+0.136,+0.133,+0.130,+0.129,+0.124,+0.123,+0.121,+0.130,+0.127,+0.126,+0.129,+0.130,+0.127,+0.129,+0.130,+0.128,+0.127,+0.142,+0.141,+0.143,+0.146,+0.148,+0.145,+0.150,+0.153,+0.153,+0.151,+0.154,+0.152,+0.152,+0.151,+0.152,+0.149,+0.160,+0.163,+0.164,+0.175,+0.178,+0.182,+0.187,+0.191,+0.194,+0.195,+0.196,+0.196,+0.196,+0.195,+0.197,+0.199,+0.211,+0.210,+0.220,+0.231,+0.241,+0.238,+0.245,+0.245,+0.246,+0.241,+0.237,+0.237,+0.257,+0.260,+0.260,+0.261,+0.261,+0.261,+0.258,+0.265,+0.266,+0.275,+0.275,+0.271,+0.274,+0.277,+0.285,+0.281,+0.278,+0.279,+0.289,+0.308,+0.313,+0.315,+0.313,+0.313,+0.316,+0.341,+0.355,+0.353,+0.353,+0.354
run32,,,,,,,,,,,-0.446,-0.437,-0.464,-0.434,-0.417,-0.321,-0.344,-0.343,-0.327,-0.336,-0.325,-0.313,-0.299,-0.312,-0.306,-0.308,-0.321,-0.312,-0.281,-0.269,-0.260,-0.261,-0.269,-0.272,-0.275,-0.258,-0.266,-0.256,-0.248,-0.244,-0.247,-0.249,-0.243,-0.215,-0.221,-0.222,-0.222,-0.221,-0.227,-0.225,-0.223,-0.222,-0.220,-0.220,-0.209,-0.212,-0.213,-0.218,-0.211,-0.182,-0.184,-0.188,-0.177,-0.164,-0.167,-0.169,-0.172,-0.156,-0.156,-0.156,-0.158,-0.143,-0.145,-0.140,-0.134,-0.131,-0.118,-0.121,-0.123,-0.115,-0.116,-0.119,-0.119,-0.112,-0.112,-0.107,-0.112,-0.107,-0.083,-0.085,-0.086,-0.090,-0.066,-0.067,-0.069,-0.064,-0.065,-0.062,-0.062,-0.056,-0.053,-0.050,-0.051,-0.053,-0.050,-0.045,-0.039,-0.043,-0.030,-0.027,-0.029,-0.032,-0.024,-0.014,-0.004,-0.005,-0.010,-0.004,-0.005,-0.007,-0.007,-0.002,-0.005,-0.007,-0.006,+0.026,+0.024,+0.029,+0.025,+0.025,+0.026,+0.024,+0.029,+0.026,+0.029,+0.026,+0.021,+0.024,+0.018,+0.020,+0.016,+0.012,+0.016,+0.020,+0.018,+0.015,+0.011,+0.016,+0.017,+0.029,+0.033,+0.031,+0.033,+0.031,+0.031,+0.031,+0.034,+0.047,+0.054,+0.050,+0.048,+0.046,+0.048,+0.046,+0.051,+0.061,+0.058,+0.054,+0.050,+0.049,+0.047,+0.049,+0.050,+0.051,+0.052,+0.055,+0.061,+0.060,+0.060,+0.057,+0.060,+0.065,+0.067,+0.067,+0.075,+0.076,+0.078,+0.076,+0.078,+0.075,+0.075,+0.077,+0.074,+0.070,+0.082,+0.084,+0.087,+0.084,+0.081,+0.080,+0.079,+0.082,+0.093,+0.102,+0.101,+0.112,+0.114,+0.116,+0.129,+0.141,+0.145,+0.153,+0.154,+0.156,+0.167,+0.166,+0.177,+0.174,+0.177,+0.177,+0.177,+0.180,+0.179,+0.188,+0.189,+0.185,+0.188,+0.208,+0.207,+0.208,+0.207,+0.208,+0.207,+0.216,+0.216,+0.220,+0.228,+0.231,+0.228,+0.228,+0.239,+0.257,+0.263,+0.261,+0.261,+0.264,+0.289,+0.303,+0.301,+0.301,+0.302
run33,,,,,,,,,,,+0.430,+0.316,+0.302,+0.202,+0.175,+0.126,+0.079,+0.015,-0.010,-0.028,-0.052,-0.071,-0.084,-0.068,-0.099,-0.050,-0.070,-0.073,-0.095,-0.115,-0.126,-0.138,-0.091,-0.090,-0.104,-0.065,-0.062,-0.071,-0.053,-0.075,-0.030,-0.035,-0.049,-0.052,-0.069,-0.086,-0.081,-0.079,-0.088,-0.097,-0.111,-0.117,-0.096,-0.109,-0.111,-0.121,-0.131,-0.140,-0.123,-0.131,-0.105,-0.110,-0.105,-0.111,-0.103,-0.095,-0.100,-0.109,-0.118,-0.122,-0.130,-0.130,-0.129,-0.133,-0.121,-0.114,-0.115,-0.113,-0.120,-0.122,-0.122,-0.129,-0.135,-0.140,-0.141,-0.119,-0.111,-0.108,-0.115,-0.118,-0.111,-0.108,-0.106,-0.108,-0.110,-0.107,-0.107,-0.102,-0.104,-0.110,-0.109,-0.110,-0.113,-0.111,-0.113,-0.062,-0.067,-0.068,-0.062,-0.057,-0.059,-0.059,-0.062,-0.049,-0.053,-0.055,-0.053,-0.057,-0.050,-0.054,-0.057,-0.062,-0.059,-0.063,-0.068,-0.062,-0.067,-0.071,-0.076,-0.077,-0.072,-0.073,-0.075,-0.071,-0.070,-0.058,-0.061,-0.063,-0.062,-0.058,-0.061,-0.067,-0.067,-0.069,-0.071,-0.073,-0.071,-0.073,-0.076,-0.074,-0.076,-0.074,-0.074,-0.074,-0.071,-0.072,-0.067,-0.051,-0.047,-0.046,-0.047,-0.047,-0.047,-0.043,-0.039,-0.033,-0.029,-0.029,-0.029,-0.027,-0.022,-0.017,-0.010,-0.009,-0.010,-0.009,-0.005,-0.006,-0.005,-0.009,-0.011,-0.009,-0.007,-0.003,-0.003,-0.001,+0.014,+0.015,+0.018,+0.018,+0.016,+0.015,+0.013,+0.016,+0.022,+0.025,+0.027,+0.026,+0.029,+0.026,+0.024,+0.021,+0.020,+0.028,+0.027,+0.027,+0.025,+0.025,+0.030,+0.039,+0.039,+0.043,+0.047,+0.058,+0.060,+0.061,+0.065,+0.073,+0.073,+0.074,+0.095,+0.096,+0.097,+0.098,+0.108,+0.112,+0.116,+0.114,+0.116,+0.116,+0.113,+0.119,+0.120,+0.121,+0.130,+0.139,+0.140,+0.151,+0.154,+0.152,+0.161,+0.157,+0.160,+0.161,+0.171,+0.174,+0.189,+0.203,+0.200,+0.201,+0.208
run34,,,,,,,,,,,+0.342,+0.309,+0.238,+0.136,+0.102,+0.059,+0.022,-0.017,-0.022,-0.063,-0.086,-0.105,-0.101,-0.106,-0.120,-0.142,-0.163,-0.170,-0.166,-0.185,-0.198,-0.202,-0.207,-0.210,-0.213,-0.185,-0.185,-0.186,-0.182,-0.171,-0.171,-0.168,-0.152,-0.157,-0.139,-0.125,-0.114,-0.099,-0.103,-0.105,-0.116,-0.126,-0.118,-0.128,-0.109,-0.116,-0.120,-0.122,-0.127,-0.123,-0.127,-0.120,-0.123,-0.127,-0.128,-0.121,-0.128,-0.124,-0.125,-0.111,-0.097,-0.094,-0.096,-0.102,-0.107,-0.110,-0.101,-0.106,-0.105,-0.108,-0.113,-0.114,-0.106,-0.101,-0.102,-0.097,-0.100,-0.105,-0.106,-0.105,-0.108,-0.107,-0.109,-0.111,-0.116,-0.099,-0.103,-0.101,-0.103,-0.107,-0.098,-0.087,-0.081,-0.079,-0.075,-0.076,-0.067,-0.066,-0.065,-0.049,-0.046,-0.046,-0.041,-0.045,-0.039,-0.041,-0.031,-0.036,-0.020,-0.010,-0.013,-0.017,-0.022,-0.017,-0.009,-0.010,-0.008,-0.004,+0.002,+0.023,+0.024,+0.025,+0.020,+0.025,+0.029,+0.033,+0.033,+0.030,+0.036,+0.038,+0.036,+0.039,+0.043,+0.038,+0.034,+0.030,+0.029,+0.028,+0.030,+0.029,+0.029,+0.033,+0.044,+0.042,+0.046,+0.045,+0.047,+0.048,+0.046,+0.047,+0.045,+0.047,+0.045,+0.051,+0.049,+0.088,+0.091,+0.088,+0.083,+0.087,+0.096,+0.096,+0.095,+0.091,+0.089,+0.086,+0.099,+0.097,+0.092,+0.090,+0.089,+0.087,+0.084,+0.080,+0.078,+0.087,+0.092,+0.091,+0.092,+0.097,+0.099,+0.095,+0.096,+0.096,+0.102,+0.100,+0.097,+0.096,+0.098,+0.094,+0.094,+0.093,+0.091,+0.090,+0.088,+0.090,+0.093,+0.101,+0.102,+0.102,+0.110,+0.110,+0.112,+0.112,+0.123,+0.122,+0.125,+0.126,+0.130,+0.131,+0.131,+0.132,+0.133,+0.137,+0.159,+0.160,+0.160,+0.161,+0.164,+0.174,+0.180,+0.182,+0.188,+0.184,+0.182,+0.191,+0.201,+0.198,+0.207,+0.209,+0.218,+0.217,+0.219,+0.220,+0.230,+0.233,+0.247,+0.261,+0.260,+0.260,+0.268
run35,,,,,,,,,,,-0.304,-0.303,-0.346,-0.379,-0.409,-0.422,-0.439,-0.424,-0.436,-0.437,-0.420,-0.405,-0.403,-0.382,-0.366,-0.353,-0.355,-0.356,-0.362,-0.360,-0.352,-0.317,-0.292,-0.284,-0.280,-0.280,-0.266,-0.256,-0.256,-0.263,-0.253,-0.254,-0.243,-0.236,-0.231,-0.230,-0.233,-0.239,-0.180,-0.181,-0.187,-0.188,-0.189,-0.190,-0.187,-0.181,-0.187,-0.182,-0.177,-0.172,-0.163,-0.165,-0.164,-0.163,-0.159,-0.159,-0.154,-0.128,-0.130,-0.131,-0.133,-0.121,-0.118,-0.111,-0.111,-0.116,-0.114,-0.109,-0.109,-0.110,-0.110,-0.101,-0.105,-0.093,-0.084,-0.086,-0.079,-0.080,-0.069,-0.073,-0.069,-0.065,-0.058,-0.059,-0.055,-0.058,-0.055,-0.057,-0.036,-0.028,-0.030,-0.031,-0.032,-0.032,-0.027,-0.031,-0.024,-0.023,-0.025,-0.027,-0.024,-0.029,-0.026,-0.008,+0.011,+0.019,+0.024,+0.021,+0.017,+0.018,+0.017,+0.022,+0.019,+0.028,+0.029,+0.031,+0.037,+0.036,+0.034,+0.034,+0.032,+0.031,+0.035,+0.037,+0.045,+0.046,+0.056,+0.056,+0.052,+0.054,+0.055,+0.056,+0.055,+0.056,+0.058,+0.056,+0.059,+0.060,+0.059,+0.056,+0.056,+0.058,+0.054,+0.055,+0.068,+0.064,+0.060,+0.063,+0.059,+0.054,+0.055,+0.054,+0.053,+0.052,+0.064,+0.062,+0.064,+0.063,+0.060,+0.056,+0.052,+0.051,+0.049,+0.051,+0.056,+0.059,+0.061,+0.067,+0.071,+0.067,+0.069,+0.071,+0.069,+0.067,+0.067,+0.076,+0.080,+0.084,+0.088,+0.089,+0.092,+0.093,+0.091,+0.099,+0.113,+0.115,+0.116,+0.118,+0.116,+0.114,+0.112,+0.112,+0.109,+0.131,+0.135,+0.140,+0.152,+0.154,+0.153,+0.158,+0.156,+0.157,+0.167,+0.167,+0.171,+0.180,+0.180,+0.180,+0.184,+0.180,+0.190,+0.191,+0.193,+0.203,+0.205,+0.205,+0.205,+0.205,+0.209,+0.229,+0.229,+0.229,+0.231,+0.236,+0.237,+0.237,+0.237,+0.248,+0.244,+0.241,+0.249,+0.255,+0.258,+0.256,+0.270,+0.273,+0.298,+0.312,+0.308,+0.308,+0.315
run36,,,,,,,,,,,-0.239,-0.101,-0.136,-0.138,-0.090,-0.136,-0.171,-0.156,-0.165,-0.177,-0.180,-0.191,-0.200,-0.155,-0.146,-0.155,-0.148,-0.149,-0.167,-0.129,-0.121,-0.111,-0.123,-0.129,-0.140,-0.142,-0.145,-0.141,-0.146,-0.149,-0.158,-0.164,-0.164,-0.173,-0.165,-0.173,-0.156,-0.156,-0.156,-0.156,-0.155,-0.151,-0.147,-0.154,-0.147,-0.149,-0.111,-0.085,-0.079,-0.077,-0.087,-0.071,-0.079,-0.082,-0.085,-0.088,-0.088,-0.088,-0.083,-0.080,-0.076,-0.075,-0.070,-0.075,-0.067,-0.068,-0.065,-0.060,-0.059,-0.052,-0.053,-0.048,-0.050,-0.043,-0.042,-0.042,-0.044,-0.048,-0.052,-0.054,-0.055,-0.059,-0.062,-0.057,-0.048,-0.047,-0.050,-0.044,-0.015,-0.022,-0.023,-0.014,-0.011,-0.017,-0.018,-0.020,-0.021,-0.022,-0.024,-0.017,-0.013,-0.017,-0.021,-0.026,-0.020,-0.018,-0.013,+0.005,+0.001,+0.005,+0.002,-0.001,-0.004,-0.006,-0.004,+0.005,+0.005,+0.001,+0.007,+0.003,+0.011,+0.016,+0.014,+0.013,+0.014,+0.019,+0.022,+0.020,+0.024,+0.024,+0.032,+0.036,+0.034,+0.034,+0.033,+0.034,+0.032,+0.029,+0.030,+0.039,+0.064,+0.062,+0.062,+0.058,+0.053,+0.057,+0.058,+0.056,+0.053,+0.049,+0.048,+0.047,+0.048,+0.059,+0.063,+0.061,+0.059,+0.056,+0.053,+0.053,+0.050,+0.046,+0.042,+0.041,+0.043,+0.046,+0.056,+0.058,+0.059,+0.062,+0.065,+0.067,+0.070,+0.076,+0.077,+0.076,+0.075,+0.079,+0.079,+0.080,+0.094,+0.095,+0.092,+0.093,+0.094,+0.097,+0.106,+0.111,+0.122,+0.124,+0.123,+0.126,+0.139,+0.140,+0.140,+0.135,+0.146,+0.152,+0.153,+0.157,+0.168,+0.178,+0.179,+0.186,+0.186,+0.196,+0.196,+0.193,+0.196,+0.192,+0.195,+0.216,+0.217,+0.217,+0.217,+0.217,+0.224,+0.225,+0.224,+0.233,+0.233,+0.230,+0.233,+0.241,+0.244,+0.240,+0.237,+0.234,+0.235,+0.245,+0.264,+0.269,+0.272,+0.270,+0.270,+0.273,+0.297,+0.311,+0.307,+0.307,+0.308
run37,,,,,,,,,,,+0.050,-0.021,-0.079,-0.052,-0.070,-0.108,-0.097,-0.106,-0.116,-0.097,-0.115,-0.069,-0.078,-0.089,-0.080,-0.092,-0.090,-0.096,-0.106,-0.103,-0.082,-0.078,-0.078,-0.068,-0.069,-0.067,-0.080,-0.092,-0.104,-0.106,-0.103,-0.102,-0.112,-0.115,-0.118,-0.116,-0.110,-0.112,-0.117,-0.112,-0.081,-0.078,-0.071,-0.043,-0.042,-0.048,-0.049,-0.058,-0.061,-0.070,-0.065,-0.072,-0.075,-0.080,-0.083,-0.088,-0.090,-0.077,-0.070,-0.078,-0.081,-0.079,-0.081,-0.077,-0.069,-0.051,-0.041,-0.037,-0.029,-0.031,-0.030,-0.032,-0.028,-0.033,-0.027,-0.019,-0.015,-0.016,-0.021,+0.055,+0.054,+0.052,+0.056,+0.051,+0.045,+0.043,+0.043,+0.055,+0.056,+0.059,+0.056,+0.074,+0.072,+0.067,+0.061,+0.059,+0.053,+0.057,+0.054,+0.052,+0.052,+0.046,+0.070,+0.078,+0.082,+0.081,+0.082,+0.079,+0.122,+0.118,+0.113,+0.115,+0.126,+0.126,+0.121,+0.127,+0.121,+0.115,+0.112,+0.107,+0.104,+0.103,+0.104,+0.100,+0.103,+0.106,+0.106,+0.103,+0.098,+0.097,+0.096,+0.107,+0.102,+0.099,+0.095,+0.095,+0.094,+0.105,+0.103,+0.106,+0.109,+0.106,+0.102,+0.108,+0.105,+0.102,+0.103,+0.103,+0.101,+0.101,+0.098,+0.100,+0.095,+0.096,+0.096,+0.094,+0.093,+0.094,+0.098,+0.101,+0.106,+0.102,+0.106,+0.107,+0.105,+0.112,+0.114,+0.115,+0.112,+0.108,+0.109,+0.113,+0.112,+0.112,+0.118,+0.116,+0.115,+0.127,+0.128,+0.126,+0.129,+0.130,+0.135,+0.136,+0.135,+0.137,+0.137,+0.139,+0.137,+0.135,+0.133,+0.133,+0.136,+0.144,+0.148,+0.145,+0.144,+0.140,+0.138,+0.146,+0.154,+0.154,+0.157,+0.157,+0.159,+0.169,+0.170,+0.173,+0.173,+0.181,+0.182,+0.182,+0.183,+0.187,+0.196,+0.191,+0.194,+0.214,+0.215,+0.215,+0.218,+0.216,+0.222,+0.222,+0.231,+0.227,+0.236,+0.236,+0.246,+0.249,+0.257,+0.255,+0.258,+0.258,+0.268,+0.271,+0.285,+0.299,+0.297,+0.297,+0.304
run38,,,,,,,,,,,-0.457,-0.410,-0.432,-0.458,-0.437,-0.451,-0.461,-0.447,-0.422,-0.414,-0.422,-0.419,-0.424,-0.424,-0.417,-0.413,-0.400,-0.396,-0.396,-0.390,-0.387,-0.375,-0.364,-0.355,-0.337,-0.321,-0.309,-0.298,-0.284,-0.287,-0.285,-0.215,-0.215,-0.217,-0.163,-0.170,-0.166,-0.144,-0.135,-0.136,-0.118,-0.113,-0.111,-0.114,-0.118,-0.117,-0.124,-0.127,-0.130,-0.132,-0.114,-0.112,-0.100,-0.100,-0.099,-0.053,-0.055,-0.051,-0.054,-0.048,-0.045,-0.042,-0.044,-0.039,-0.031,-0.036,-0.038,-0.034,-0.033,-0.031,-0.023,-0.010,-0.004,+0.010,+0.006,+0.009,+0.009,+0.005,+0.034,+0.031,+0.045,+0.060,+0.055,+0.051,+0.049,+0.047,+0.043,+0.042,+0.039,+0.040,+0.038,+0.032,+0.040,+0.034,+0.034,+0.036,+0.035,+0.028,+0.030,+0.090,+0.088,+0.085,+0.087,+0.084,+0.087,+0.087,+0.090,+0.087,+0.092,+0.088,+0.090,+0.085,+0.079,+0.087,+0.089,+0.090,+0.089,+0.086,+0.107,+0.108,+0.107,+0.104,+0.113,+0.111,+0.108,+0.108,+0.118,+0.121,+0.118,+0.116,+0.118,+0.115,+0.119,+0.114,+0.108,+0.106,+0.101,+0.102,+0.099,+0.096,+0.093,+0.093,+0.091,+0.088,+0.088,+0.087,+0.088,+0.089,+0.090,+0.086,+0.081,+0.078,+0.080,+0.081,+0.082,+0.082,+0.085,+0.087,+0.083,+0.087,+0.092,+0.088,+0.091,+0.087,+0.086,+0.091,+0.093,+0.099,+0.097,+0.095,+0.092,+0.088,+0.086,+0.095,+0.094,+0.093,+0.094,+0.096,+0.101,+0.100,+0.098,+0.095,+0.097,+0.095,+0.095,+0.092,+0.101,+0.101,+0.100,+0.096,+0.099,+0.104,+0.106,+0.111,+0.114,+0.115,+0.122,+0.122,+0.124,+0.134,+0.136,+0.134,+0.137,+0.134,+0.134,+0.137,+0.137,+0.137,+0.147,+0.146,+0.147,+0.148,+0.144,+0.152,+0.173,+0.173,+0.174,+0.170,+0.173,+0.193,+0.197,+0.197,+0.197,+0.204,+0.204,+0.213,+0.213,+0.222,+0.222,+0.232,+0.238,+0.241,+0.239,+0.241,+0.251,+0.254,+0.268,+0.282,+0.278,+0.279,+0.286
run39,,,,,,,,,,,+0.065,+0.012,-0.002,-0.034,+0.025,-0.004,-0.020,-0.037,-0.065,-0.098,-0.099,-0.123,-0.142,-0.162,-0.140,-0.143,-0.144,-0.136,-0.126,-0.130,-0.127,-0.114,-0.104,-0.110,-0.067,-0.074,-0.088,-0.086,-0.092,-0.098,-0.100,-0.103,-0.093,-0.100,-0.100,-0.111,-0.103,-0.100,-0.110,-0.116,-0.118,-0.120,-0.111,-0.109,-0.115,-0.122,-0.109,-0.081,-0.085,-0.078,-0.076,-0.077,-0.081,-0.079,-0.079,-0.080,-0.081,-0.082,-0.080,-0.076,-0.077,-0.071,-0.072,-0.073,-0.079,-0.075,-0.072,-0.065,-0.054,-0.052,-0.057,-0.051,-0.055,-0.060,-0.055,-0.053,-0.057,-0.053,-0.055,-0.059,-0.057,-0.060,-0.050,-0.048,-0.048,-0.047,-0.050,-0.041,-0.035,-0.035,-0.032,-0.011,-0.009,-0.011,-0.005,-0.002,+0.004,+0.009,+0.015,+0.013,+0.011,+0.011,+0.008,+0.007,+0.005,+0.004,+0.012,+0.023,+0.028,+0.033,+0.054,+0.051,+0.046,+0.053,+0.049,+0.049,+0.048,+0.050,+0.051,+0.047,+0.050,+0.048,+0.054,+0.050,+0.051,+0.048,+0.055,+0.059,+0.067,+0.065,+0.067,+0.067,+0.076,+0.072,+0.067,+0.071,+0.069,+0.082,+0.088,+0.090,+0.088,+0.089,+0.085,+0.089,+0.087,+0.090,+0.102,+0.098,+0.094,+0.094,+0.092,+0.092,+0.109,+0.109,+0.131,+0.132,+0.131,+0.136,+0.145,+0.146,+0.144,+0.140,+0.135,+0.131,+0.128,+0.126,+0.125,+0.125,+0.127,+0.125,+0.127,+0.129,+0.127,+0.127,+0.128,+0.136,+0.137,+0.141,+0.142,+0.139,+0.144,+0.145,+0.143,+0.144,+0.144,+0.144,+0.144,+0.139,+0.142,+0.142,+0.147,+0.150,+0.146,+0.145,+0.153,+0.152,+0.154,+0.164,+0.166,+0.165,+0.165,+0.165,+0.176,+0.174,+0.186,+0.187,+0.196,+0.206,+0.203,+0.213,+0.213,+0.220,+0.221,+0.221,+0.217,+0.220,+0.240,+0.240,+0.239,+0.240,+0.240,+0.249,+0.245,+0.248,+0.254,+0.257,+0.257,+0.257,+0.257,+0.267,+0.270,+0.289,+0.294,+0.292,+0.292,+0.295,+0.320,+0.334,+0.330,+0.330,+0.337
run40,,,,,,,,,,,+0.043,-0.004,-0.032,-0.073,-0.073,-0.079,-0.071,-0.100,-0.091,-0.113,-0.105,-0.112,-0.099,-0.082,-0.064,-0.067,-0.069,-0.052,-0.042,-0.024,-0.019,-0.014,-0.008,-0.009,-0.013,-0.027,-0.024,-0.034,-0.040,-0.043,-0.005,-0.017,-0.022,-0.018,-0.017,-0.018,-0.019,-0.030,-0.037,-0.046,-0.051,-0.054,-0.062,-0.063,-0.069,-0.072,-0.075,-0.047,-0.043,-0.044,-0.040,-0.043,-0.030,-0.026,-0.007,-0.011,-0.014,-0.015,-0.004,-0.009,-0.012,-0.013,-0.012,-0.013,-0.001,+0.009,+0.002,+0.001,+0.005,+0.013,+0.009,+0.008,+0.019,+0.016,+0.022,+0.020,+0.019,+0.023,+0.030,+0.032,+0.035,+0.057,+0.059,+0.057,+0.059,+0.061,+0.062,+0.058,+0.060,+0.059,+0.058,+0.056,+0.067,+0.070,+0.076,+0.076,+0.078,+0.087,+0.094,+0.091,+0.088,+0.086,+0.089,+0.087,+0.084,+0.087,+0.082,+0.078,+0.080,+0.096,+0.099,+0.102,+0.098,+0.099,+0.096,+0.093,+0.098,+0.106,+0.105,+0.123,+0.127,+0.129,+0.126,+0.121,+0.118,+0.113,+0.110,+0.106,+0.101,+0.101,+0.109,+0.111,+0.156,+0.154,+0.149,+0.144,+0.155,+0.159,+0.163,+0.158,+0.159,+0.156,+0.159,+0.154,+0.156,+0.151,+0.149,+0.147,+0.151,+0.150,+0.146,+0.142,+0.138,+0.133,+0.131,+0.129,+0.132,+0.133,+0.131,+0.130,+0.128,+0.125,+0.126,+0.128,+0.125,+0.121,+0.120,+0.116,+0.117,+0.130,+0.129,+0.131,+0.128,+0.135,+0.135,+0.143,+0.141,+0.155,+0.154,+0.159,+0.159,+0.158,+0.162,+0.162,+0.170,+0.171,+0.172,+0.183,+0.184,+0.188,+0.190,+0.191,+0.192,+0.190,+0.192,+0.200,+0.204,+0.206,+0.205,+0.209,+0.209,+0.207,+0.214,+0.215,+0.217,+0.228,+0.228,+0.224,+0.223,+0.224,+0.245,+0.245,+0.241,+0.244,+0.264,+0.264,+0.273,+0.276,+0.276,+0.282,+0.283,+0.283,+0.280,+0.286,+0.295,+0.290,+0.287,+0.287,+0.297,+0.306,+0.308,+0.306,+0.308,+0.308,+0.318,+0.320,+0.334,+0.348,+0.346,+0.346,+0.353
run41,,,,,,,,,,,+0.079,+0.031,-0.017,+0.221,+0.150,+0.121,+0.092,+0.084,+0.046,+0.012,-0.005,-0.013,+0.026,+0.005,-0.009,-0.022,-0.043,-0.054,-0.068,-0.072,-0.067,-0.052,-0.058,-0.065,-0.070,-0.085,-0.090,-0.081,-0.087,-0.080,-0.084,-0.081,-0.082,-0.089,-0.088,-0.083,-0.090,-0.098,-0.092,-0.099,-0.095,-0.094,-0.095,-0.097,-0.102,-0.103,-0.094,-0.064,-0.068,-0.068,-0.069,-0.069,-0.071,-0.057,-0.047,-0.032,-0.008,+0.009,+0.010,+0.010,+0.013,+0.023,+0.023,+0.019,+0.020,+0.026,+0.020,+0.031,+0.023,+0.027,+0.024,+0.031,+0.034,+0.041,+0.043,+0.053,+0.052,+0.050,+0.051,+0.044,+0.047,+0.042,+0.037,+0.035,+0.037,+0.035,+0.054,+0.052,+0.052,+0.046,+0.040,+0.035,+0.034,+0.032,+0.034,+0.034,+0.045,+0.043,+0.047,+0.053,+0.055,+0.052,+0.055,+0.055,+0.101,+0.100,+0.095,+0.108,+0.104,+0.105,+0.101,+0.102,+0.106,+0.103,+0.102,+0.098,+0.092,+0.096,+0.093,+0.093,+0.090,+0.085,+0.092,+0.092,+0.097,+0.098,+0.098,+0.098,+0.102,+0.103,+0.101,+0.097,+0.094,+0.092,+0.089,+0.088,+0.101,+0.096,+0.100,+0.098,+0.095,+0.091,+0.090,+0.101,+0.103,+0.105,+0.106,+0.105,+0.107,+0.108,+0.111,+0.112,+0.115,+0.138,+0.139,+0.141,+0.140,+0.139,+0.137,+0.139,+0.142,+0.137,+0.139,+0.140,+0.136,+0.131,+0.127,+0.125,+0.123,+0.132,+0.138,+0.138,+0.137,+0.145,+0.150,+0.149,+0.150,+0.146,+0.142,+0.145,+0.146,+0.147,+0.161,+0.161,+0.163,+0.161,+0.166,+0.164,+0.161,+0.172,+0.180,+0.182,+0.189,+0.186,+0.189,+0.187,+0.187,+0.189,+0.200,+0.202,+0.201,+0.205,+0.215,+0.216,+0.219,+0.222,+0.221,+0.221,+0.225,+0.225,+0.226,+0.225,+0.225,+0.226,+0.230,+0.238,+0.240,+0.249,+0.252,+0.261,+0.258,+0.254,+0.251,+0.251,+0.254,+0.250,+0.250,+0.259,+0.259,+0.269,+0.288,+0.293,+0.291,+0.291,+0.287,+0.289,+0.314,+0.329,+0.326,+0.333,+0.333
run42,,,,,,,,,,,+0.065,+0.088,+0.090,+0.058,+0.021,+0.054,+0.120,+0.086,+0.109,+0.081,+0.112,+0.134,+0.148,+0.168,+0.146,+0.132,+0.115,+0.116,+0.094,+0.072,+0.057,+0.057,+0.050,+0.045,+0.089,+0.092,+0.081,+0.096,+0.088,+0.101,+0.095,+0.077,+0.069,+0.064,+0.069,+0.060,+0.052,+0.048,+0.047,+0.048,+0.054,+0.051,+0.045,+0.042,+0.058,+0.046,+0.045,+0.045,+0.042,+0.039,+0.035,+0.040,+0.048,+0.041,+0.036,+0.032,+0.047,+0.038,+0.037,+0.037,+0.034,+0.039,+0.034,+0.032,+0.035,+0.028,+0.022,+0.022,+0.022,+0.026,+0.026,+0.030,+0.055,+0.051,+0.048,+0.044,+0.040,+0.034,+0.027,+0.025,+0.020,+0.014,+0.013,+0.014,+0.011,+0.018,+0.026,+0.036,+0.034,+0.031,+0.026,+0.031,+0.033,+0.044,+0.038,+0.044,+0.039,+0.036,+0.040,+0.041,+0.042,+0.047,+0.043,+0.041,+0.059,+0.061,+0.064,+0.059,+0.065,+0.071,+0.076,+0.074,+0.070,+0.074,+0.071,+0.068,+0.070,+0.075,+0.078,+0.084,+0.085,+0.088,+0.087,+0.089,+0.084,+0.089,+0.091,+0.096,+0.096,+0.091,+0.089,+0.087,+0.088,+0.086,+0.085,+0.089,+0.086,+0.090,+0.092,+0.089,+0.084,+0.081,+0.079,+0.076,+0.072,+0.071,+0.083,+0.101,+0.100,+0.099,+0.098,+0.095,+0.099,+0.094,+0.104,+0.127,+0.130,+0.126,+0.122,+0.117,+0.115,+0.113,+0.115,+0.114,+0.110,+0.112,+0.111,+0.110,+0.108,+0.111,+0.120,+0.133,+0.132,+0.133,+0.138,+0.138,+0.142,+0.143,+0.142,+0.142,+0.143,+0.148,+0.146,+0.155,+0.160,+0.163,+0.165,+0.177,+0.182,+0.180,+0.191,+0.190,+0.194,+0.205,+0.206,+0.208,+0.208,+0.215,+0.213,+0.214,+0.224,+0.225,+0.228,+0.224,+0.229,+0.229,+0.229,+0.237,+0.238,+0.240,+0.243,+0.243,+0.243,+0.243,+0.243,+0.252,+0.255,+0.264,+0.260,+0.256,+0.254,+0.252,+0.250,+0.253,+0.256,+0.252,+0.261,+0.264,+0.264,+0.274,+0.293,+0.299,+0.297,+0.297,+0.292,+0.295,+0.320,+0.334,+0.332,+0.332,+0.338
run43,,,,,,,,,,,-0.217,-0.257,-0.185,-0.222,-0.174,-0.149,-0.150,-0.162,-0.179,-0.198,-0.212,-0.207,-0.165,-0.176,-0.184,-0.170,-0.151,-0.161,-0.165,-0.159,-0.164,-0.111,-0.105,-0.081,-0.083,-0.088,-0.067,-0.054,-0.069,-0.002,-0.017,-0.032,-0.039,-0.045,-0.058,-0.056,-0.058,-0.066,-0.070,-0.075,-0.064,-0.067,-0.071,-0.047,-0.052,-0.053,-0.045,-0.047,-0.046,-0.048,-0.023,-0.028,-0.038,-0.040,-0.046,-0.041,-0.028,-0.015,+0.005,+0.001,-0.009,-0.015,-0.016,-0.014,-0.014,-0.013,-0.018,+0.006,+0.003,+0.006,+0.002,+0.000,+0.010,+0.011,+0.008,+0.008,+0.010,+0.006,+0.011,+0.008,+0.007,+0.000,+0.013,+0.011,+0.009,+0.008,+0.009,+0.005,+0.002,+0.008,+0.010,+0.018,+0.021,+0.026,+0.022,+0.017,+0.014,+0.017,+0.024,+0.033,+0.029,+0.028,+0.050,+0.044,+0.043,+0.037,+0.037,+0.035,+0.035,+0.041,+0.039,+0.035,+0.034,+0.030,+0.035,+0.030,+0.028,+0.024,+0.019,+0.020,+0.023,+0.042,+0.046,+0.044,+0.045,+0.048,+0.049,+0.048,+0.050,+0.055,+0.056,+0.059,+0.054,+0.052,+0.059,+0.061,+0.059,+0.077,+0.075,+0.073,+0.073,+0.076,+0.081,+0.076,+0.078,+0.077,+0.079,+0.080,+0.076,+0.075,+0.079,+0.074,+0.071,+0.069,+0.065,+0.062,+0.060,+0.059,+0.064,+0.060,+0.073,+0.076,+0.078,+0.081,+0.084,+0.084,+0.081,+0.091,+0.092,+0.100,+0.098,+0.094,+0.090,+0.088,+0.098,+0.097,+0.096,+0.097,+0.096,+0.094,+0.092,+0.089,+0.089,+0.090,+0.089,+0.094,+0.091,+0.089,+0.091,+0.091,+0.096,+0.120,+0.122,+0.135,+0.132,+0.128,+0.138,+0.139,+0.140,+0.141,+0.139,+0.141,+0.148,+0.146,+0.145,+0.162,+0.163,+0.162,+0.159,+0.163,+0.166,+0.163,+0.161,+0.167,+0.167,+0.170,+0.180,+0.182,+0.182,+0.182,+0.186,+0.192,+0.193,+0.189,+0.190,+0.189,+0.197,+0.200,+0.209,+0.219,+0.225,+0.228,+0.246,+0.244,+0.240,+0.243,+0.268,+0.282,+0.280,+0.281,+0.282
run44,,,,,,,,,,,-0.103,-0.151,-0.136,-0.175,-0.144,-0.088,-0.049,-0.062,-0.082,-0.109,-0.136,-0.145,-0.119,-0.137,-0.145,-0.154,-0.134,-0.141,-0.115,-0.108,-0.126,-0.121,-0.117,-0.124,-0.118,-0.120,-0.130,-0.059,-0.068,-0.083,-0.095,-0.093,-0.095,-0.100,-0.106,-0.117,-0.126,-0.124,-0.135,-0.136,-0.137,-0.137,-0.124,-0.123,-0.093,-0.099,-0.099,-0.088,-0.094,-0.087,-0.089,-0.096,-0.099,-0.094,-0.092,-0.093,-0.087,-0.075,-0.067,-0.069,-0.061,-0.023,-0.021,-0.024,-0.029,-0.032,-0.027,-0.034,-0.037,-0.029,-0.034,-0.040,-0.042,-0.011,-0.009,-0.013,-0.004,+0.015,+0.021,+0.033,+0.032,+0.032,+0.031,+0.028,+0.036,+0.028,+0.034,+0.037,+0.035,+0.030,+0.026,+0.022,+0.019,+0.017,+0.014,+0.022,+0.017,+0.022,+0.023,+0.018,+0.022,+0.018,+0.042,+0.043,+0.040,+0.042,+0.048,+0.051,+0.050,+0.044,+0.039,+0.035,+0.035,+0.037,+0.035,+0.032,+0.029,+0.030,+0.027,+0.022,+0.031,+0.040,+0.038,+0.033,+0.030,+0.029,+0.026,+0.024,+0.029,+0.029,+0.033,+0.037,+0.032,+0.033,+0.034,+0.041,+0.039,+0.035,+0.039,+0.051,+0.053,+0.053,+0.052,+0.060,+0.059,+0.057,+0.062,+0.061,+0.063,+0.069,+0.067,+0.065,+0.065,+0.070,+0.072,+0.068,+0.064,+0.060,+0.058,+0.056,+0.058,+0.056,+0.053,+0.053,+0.053,+0.052,+0.057,+0.060,+0.058,+0.055,+0.051,+0.050,+0.050,+0.051,+0.052,+0.052,+0.054,+0.050,+0.052,+0.049,+0.049,+0.059,+0.058,+0.057,+0.056,+0.054,+0.053,+0.062,+0.072,+0.073,+0.075,+0.094,+0.092,+0.091,+0.095,+0.098,+0.099,+0.110,+0.123,+0.127,+0.129,+0.133,+0.133,+0.143,+0.145,+0.145,+0.156,+0.156,+0.158,+0.162,+0.169,+0.169,+0.170,+0.169,+0.165,+0.168,+0.189,+0.189,+0.190,+0.190,+0.199,+0.195,+0.197,+0.200,+0.198,+0.204,+0.207,+0.207,+0.207,+0.218,+0.221,+0.240,+0.245,+0.243,+0.244,+0.247,+0.272,+0.286,+0.282,+0.283,+0.290
run45,,,,,,,,,,,+0.104,+0.076,+0.030,+0.036,+0.032,+0.016,+0.010,+0.013,+0.007,+0.003,+0.044,+0.052,+0.026,+0.046,+0.033,+0.107,+0.183,+0.162,+0.150,+0.142,+0.132,+0.120,+0.110,+0.195,+0.212,+0.185,+0.169,+0.225,+0.223,+0.231,+0.217,+0.206,+0.186,+0.165,+0.156,+0.148,+0.148,+0.138,+0.131,+0.119,+0.120,+0.118,+0.108,+0.107,+0.098,+0.090,+0.086,+0.074,+0.079,+0.071,+0.059,+0.049,+0.048,+0.050,+0.061,+0.059,+0.096,+0.087,+0.085,+0.077,+0.077,+0.072,+0.065,+0.071,+0.066,+0.061,+0.057,+0.056,+0.073,+0.085,+0.094,+0.087,+0.082,+0.077,+0.096,+0.100,+0.096,+0.089,+0.090,+0.088,+0.101,+0.095,+0.102,+0.099,+0.102,+0.101,+0.092,+0.094,+0.087,+0.091,+0.091,+0.091,+0.086,+0.079,+0.083,+0.076,+0.071,+0.070,+0.069,+0.067,+0.062,+0.058,+0.053,+0.058,+0.059,+0.054,+0.056,+0.057,+0.056,+0.054,+0.058,+0.055,+0.056,+0.061,+0.057,+0.055,+0.052,+0.046,+0.043,+0.041,+0.039,+0.041,+0.037,+0.041,+0.046,+0.044,+0.041,+0.048,+0.044,+0.046,+0.045,+0.057,+0.059,+0.055,+0.051,+0.049,+0.049,+0.050,+0.049,+0.051,+0.066,+0.065,+0.064,+0.061,+0.060,+0.069,+0.066,+0.070,+0.068,+0.066,+0.073,+0.070,+0.068,+0.070,+0.068,+0.071,+0.071,+0.071,+0.073,+0.073,+0.078,+0.077,+0.079,+0.083,+0.085,+0.090,+0.088,+0.091,+0.101,+0.099,+0.096,+0.095,+0.093,+0.097,+0.097,+0.099,+0.102,+0.106,+0.115,+0.112,+0.111,+0.112,+0.114,+0.113,+0.113,+0.114,+0.111,+0.115,+0.120,+0.120,+0.120,+0.124,+0.135,+0.135,+0.132,+0.128,+0.131,+0.132,+0.142,+0.146,+0.158,+0.160,+0.157,+0.167,+0.164,+0.165,+0.165,+0.163,+0.174,+0.177,+0.179,+0.186,+0.187,+0.191,+0.193,+0.189,+0.192,+0.212,+0.212,+0.212,+0.212,+0.215,+0.215,+0.230,+0.230,+0.227,+0.233,+0.233,+0.233,+0.233,+0.243,+0.262,+0.268,+0.270,+0.268,+0.271,+0.296,+0.310,+0.308,+0.315,+0.315
run46,,,,,,,,,,,-0.170,-0.178,+0.023,-0.021,-0.059,-0.089,-0.088,-0.093,-0.071,-0.082,+0.051,+0.025,-0.012,-0.031,-0.054,-0.047,-0.032,+0.025,+0.019,+0.026,+0.013,+0.029,+0.010,-0.007,-0.003,+0.007,-0.006,-0.028,+0.023,+0.010,-0.012,-0.027,-0.018,-0.011,-0.016,-0.004,+0.016,+0.002,-0.012,-0.016,-0.032,-0.037,-0.047,-0.050,-0.055,-0.067,-0.064,-0.078,-0.071,-0.082,-0.087,-0.086,-0.087,-0.091,-0.094,-0.094,-0.101,-0.097,-0.102,-0.105,-0.107,-0.104,-0.111,-0.114,-0.111,-0.111,-0.111,-0.106,-0.108,-0.110,-0.113,-0.117,-0.122,-0.126,-0.128,-0.129,-0.130,-0.124,-0.126,-0.112,-0.118,-0.124,-0.129,-0.122,-0.123,-0.125,-0.118,-0.111,-0.117,-0.114,-0.113,-0.110,-0.106,-0.107,-0.097,-0.092,-0.094,-0.085,-0.081,-0.076,-0.073,-0.077,-0.080,-0.073,-0.051,-0.051,-0.053,-0.044,-0.028,-0.030,-0.029,-0.026,-0.027,-0.032,-0.026,-0.030,-0.030,-0.032,-0.026,-0.026,-0.030,-0.026,-0.030,-0.031,-0.034,-0.037,-0.041,-0.042,-0.047,-0.039,-0.040,-0.044,-0.044,-0.039,-0.037,-0.029,-0.028,-0.024,-0.028,-0.029,-0.026,-0.029,-0.031,-0.030,-0.033,-0.037,-0.029,-0.025,-0.023,-0.026,-0.010,-0.014,-0.016,-0.016,-0.017,-0.018,-0.015,-0.014,-0.011,-0.012,-0.002,-0.002,-0.002,-0.003,-0.007,-0.010,-0.010,-0.009,+0.005,+0.002,+0.000,-0.001,+0.002,-0.001,-0.002,+0.001,+0.000,+0.001,+0.014,+0.017,+0.027,+0.030,+0.032,+0.038,+0.042,+0.043,+0.052,+0.050,+0.048,+0.049,+0.052,+0.053,+0.052,+0.054,+0.057,+0.062,+0.062,+0.064,+0.063,+0.062,+0.080,+0.082,+0.081,+0.094,+0.095,+0.095,+0.093,+0.102,+0.102,+0.106,+0.105,+0.115,+0.117,+0.117,+0.124,+0.120,+0.120,+0.123,+0.124,+0.124,+0.144,+0.148,+0.149,+0.146,+0.152,+0.153,+0.156,+0.157,+0.157,+0.168,+0.187,+0.193,+0.195,+0.192,+0.190,+0.193,+0.218,+0.233,+0.231,+0.238,+0.239
run47,,,,,,,,,,,-0.079,-0.107,-0.126,-0.099,+0.021,-0.000,-0.016,-0.028,-0.039,-0.025,-0.016,-0.023,-0.035,-0.029,-0.034,-0.026,-0.021,-0.016,+0.007,+0.044,+0.039,+0.047,+0.040,+0.060,+0.053,+0.047,+0.042,+0.045,+0.036,+0.020,+0.005,-0.006,-0.018,-0.018,-0.006,-0.007,-0.010,-0.009,-0.013,-0.023,-0.027,-0.033,-0.003,+0.004,+0.002,-0.000,+0.019,+0.014,+0.011,+0.002,+0.003,-0.005,+0.004,+0.001,+0.004,-0.003,-0.011,-0.018,-0.019,-0.021,-0.019,-0.006,-0.008,-0.000,+0.002,+0.014,+0.008,+0.006,+0.013,+0.010,+0.014,+0.009,+0.002,+0.006,+0.006,+0.003,+0.001,+0.007,+0.012,+0.008,+0.018,+0.023,+0.025,+0.024,+0.022,+0.025,+0.045,+0.048,+0.045,+0.043,+0.042,+0.038,+0.036,+0.039,+0.034,+0.040,+0.056,+0.061,+0.062,+0.089,+0.087,+0.087,+0.088,+0.091,+0.095,+0.091,+0.095,+0.099,+0.096,+0.100,+0.110,+0.109,+0.107,+0.103,+0.104,+0.104,+0.099,+0.095,+0.100,+0.095,+0.098,+0.095,+0.092,+0.093,+0.098,+0.105,+0.122,+0.126,+0.127,+0.122,+0.117,+0.118,+0.125,+0.125,+0.120,+0.117,+0.112,+0.114,+0.109,+0.111,+0.114,+0.120,+0.118,+0.113,+0.109,+0.124,+0.129,+0.126,+0.121,+0.118,+0.114,+0.111,+0.110,+0.125,+0.121,+0.117,+0.115,+0.111,+0.114,+0.112,+0.122,+0.121,+0.122,+0.120,+0.117,+0.115,+0.116,+0.113,+0.117,+0.116,+0.115,+0.112,+0.111,+0.114,+0.115,+0.125,+0.125,+0.123,+0.131,+0.134,+0.136,+0.135,+0.138,+0.147,+0.147,+0.150,+0.150,+0.147,+0.149,+0.147,+0.148,+0.147,+0.146,+0.146,+0.150,+0.154,+0.155,+0.166,+0.170,+0.172,+0.172,+0.177,+0.178,+0.178,+0.188,+0.199,+0.197,+0.206,+0.207,+0.207,+0.205,+0.215,+0.222,+0.225,+0.227,+0.228,+0.223,+0.226,+0.229,+0.249,+0.250,+0.250,+0.250,+0.251,+0.266,+0.265,+0.268,+0.274,+0.274,+0.274,+0.274,+0.284,+0.290,+0.292,+0.311,+0.313,+0.338,+0.352,+0.348,+0.348,+0.355
run48,,,,,,,,,,,-0.397,-0.307,-0.267,-0.267,-0.153,-0.158,-0.198,-0.161,-0.181,-0.214,-0.199,-0.223,-0.227,-0.229,-0.244,-0.237,-0.216,-0.213,-0.217,-0.224,-0.077,-0.077,-0.086,-0.098,-0.114,-0.078,-0.081,-0.093,-0.085,-0.103,-0.113,-0.119,-0.121,-0.122,-0.131,-0.134,-0.143,-0.148,-0.152,-0.157,-0.138,-0.150,-0.155,-0.124,-0.133,-0.140,-0.137,-0.138,-0.147,-0.154,-0.154,-0.152,-0.160,-0.155,-0.161,-0.151,-0.153,-0.154,-0.150,-0.141,-0.145,-0.143,-0.143,-0.135,-0.129,-0.128,-0.121,-0.108,-0.103,-0.105,-0.112,-0.087,-0.091,-0.080,-0.086,-0.089,-0.082,-0.088,-0.091,-0.099,-0.096,-0.101,-0.097,-0.100,-0.104,-0.089,-0.079,-0.075,-0.081,-0.081,-0.084,-0.072,-0.066,-0.069,-0.069,-0.071,-0.061,-0.062,-0.013,-0.015,-0.014,-0.015,-0.021,-0.013,-0.014,-0.019,-0.007,-0.011,-0.014,-0.017,-0.015,-0.018,-0.020,-0.020,-0.024,-0.022,-0.022,-0.010,-0.013,-0.016,-0.014,-0.016,-0.009,-0.010,-0.014,-0.015,-0.011,-0.007,-0.002,-0.005,-0.005,-0.009,-0.011,-0.010,-0.007,-0.009,-0.011,-0.012,-0.008,-0.008,-0.004,-0.008,-0.013,-0.010,-0.011,-0.012,-0.016,-0.020,-0.015,-0.012,-0.012,-0.013,-0.013,-0.011,-0.007,-0.003,-0.002,+0.000,+0.007,+0.007,+0.011,+0.014,+0.027,+0.030,+0.034,+0.033,+0.031,+0.033,+0.035,+0.032,+0.032,+0.045,+0.044,+0.044,+0.042,+0.045,+0.048,+0.063,+0.067,+0.067,+0.069,+0.068,+0.064,+0.067,+0.066,+0.066,+0.069,+0.076,+0.073,+0.071,+0.069,+0.065,+0.067,+0.080,+0.081,+0.092,+0.091,+0.089,+0.094,+0.093,+0.092,+0.095,+0.102,+0.099,+0.099,+0.096,+0.103,+0.104,+0.105,+0.109,+0.109,+0.119,+0.120,+0.123,+0.131,+0.130,+0.131,+0.132,+0.132,+0.137,+0.146,+0.149,+0.147,+0.148,+0.151,+0.148,+0.147,+0.155,+0.159,+0.169,+0.189,+0.194,+0.193,+0.193,+0.189,+0.192,+0.218,+0.232,+0.233,+0.229,+0.237
run49,,,,,,,,,,,+0.029,+0.002,-0.005,+0.006,+0.030,+0.062,+0.118,+0.107,+0.093,+0.063,+0.068,+0.059,+0.034,+0.072,+0.060,+0.084,+0.081,+0.066,+0.063,+0.055,+0.043,+0.027,+0.014,+0.012,+0.014,+0.012,+0.016,+0.007,+0.009,+0.025,+0.021,+0.017,+0.016,+0.027,+0.017,+0.013,+0.003,+0.011,+0.007,+0.041,+0.047,+0.054,+0.058,+0.053,+0.049,+0.052,+0.057,+0.071,+0.067,+0.063,+0.063,+0.061,+0.053,+0.054,+0.046,+0.058,+0.060,+0.053,+0.052,+0.048,+0.048,+0.049,+0.056,+0.061,+0.055,+0.053,+0.051,+0.067,+0.073,+0.075,+0.079,+0.076,+0.084,+0.079,+0.082,+0.078,+0.076,+0.085,+0.080,+0.075,+0.074,+0.074,+0.068,+0.069,+0.070,+0.083,+0.080,+0.079,+0.080,+0.080,+0.084,+0.081,+0.075,+0.071,+0.074,+0.085,+0.090,+0.098,+0.098,+0.098,+0.099,+0.106,+0.109,+0.109,+0.106,+0.104,+0.105,+0.104,+0.105,+0.102,+0.124,+0.119,+0.120,+0.120,+0.134,+0.130,+0.133,+0.129,+0.126,+0.125,+0.130,+0.134,+0.130,+0.127,+0.125,+0.146,+0.147,+0.149,+0.154,+0.157,+0.154,+0.151,+0.145,+0.142,+0.149,+0.150,+0.153,+0.148,+0.164,+0.161,+0.159,+0.159,+0.161,+0.162,+0.164,+0.163,+0.165,+0.180,+0.181,+0.181,+0.187,+0.185,+0.195,+0.191,+0.194,+0.194,+0.196,+0.191,+0.187,+0.182,+0.180,+0.190,+0.188,+0.186,+0.184,+0.182,+0.179,+0.176,+0.171,+0.167,+0.166,+0.169,+0.170,+0.170,+0.167,+0.165,+0.171,+0.172,+0.171,+0.180,+0.179,+0.182,+0.181,+0.186,+0.187,+0.187,+0.190,+0.187,+0.198,+0.198,+0.205,+0.206,+0.202,+0.200,+0.209,+0.211,+0.211,+0.221,+0.224,+0.236,+0.238,+0.239,+0.249,+0.265,+0.263,+0.264,+0.263,+0.262,+0.269,+0.269,+0.278,+0.279,+0.279,+0.281,+0.283,+0.283,+0.279,+0.298,+0.301,+0.301,+0.300,+0.301,+0.300,+0.307,+0.310,+0.309,+0.305,+0.306,+0.314,+0.317,+0.327,+0.345,+0.350,+0.352,+0.350,+0.353,+0.377,+0.391,+0.388,+0.389,+0.389
run50,,,,,,,,,,,-0.494,-0.485,-0.495,-0.482,-0.460,-0.473,-0.473,-0.473,-0.472,-0.475,-0.452,-0.450,-0.429,-0.380,-0.364,-0.312,-0.314,-0.320,-0.312,-0.308,-0.309,-0.304,-0.281,-0.270,-0.263,-0.246,-0.190,-0.176,-0.179,-0.173,-0.175,-0.175,-0.177,-0.174,-0.167,-0.166,-0.163,-0.149,-0.152,-0.148,-0.146,-0.151,-0.151,-0.152,-0.149,-0.156,-0.151,-0.122,-0.130,-0.132,-0.134,-0.089,-0.090,-0.093,-0.084,-0.071,-0.064,-0.066,-0.063,-0.069,-0.056,-0.060,-0.052,-0.059,-0.062,-0.064,-0.055,-0.046,-0.047,-0.049,-0.053,-0.050,-0.046,-0.021,-0.018,-0.021,-0.025,-0.031,-0.037,-0.034,-0.027,-0.023,-0.020,-0.022,-0.018,+0.003,+0.000,+0.003,+0.016,+0.020,+0.019,+0.029,+0.037,+0.042,+0.037,+0.034,+0.031,+0.028,+0.034,+0.038,+0.037,+0.036,+0.031,+0.026,+0.024,+0.023,+0.025,+0.020,+0.018,+0.015,+0.015,+0.016,+0.013,+0.012,+0.010,+0.012,+0.010,+0.010,+0.010,+0.021,+0.015,+0.011,+0.009,+0.011,+0.026,+0.032,+0.029,+0.032,+0.033,+0.032,+0.029,+0.044,+0.043,+0.043,+0.045,+0.043,+0.061,+0.066,+0.069,+0.071,+0.067,+0.063,+0.058,+0.057,+0.056,+0.054,+0.051,+0.053,+0.049,+0.048,+0.048,+0.046,+0.045,+0.048,+0.045,+0.042,+0.041,+0.042,+0.043,+0.046,+0.049,+0.052,+0.055,+0.055,+0.056,+0.060,+0.057,+0.055,+0.056,+0.061,+0.059,+0.063,+0.062,+0.069,+0.070,+0.085,+0.086,+0.085,+0.087,+0.099,+0.097,+0.095,+0.096,+0.098,+0.094,+0.094,+0.097,+0.101,+0.101,+0.101,+0.104,+0.106,+0.104,+0.103,+0.102,+0.103,+0.108,+0.110,+0.114,+0.122,+0.122,+0.125,+0.129,+0.139,+0.148,+0.149,+0.150,+0.150,+0.148,+0.158,+0.154,+0.155,+0.175,+0.177,+0.183,+0.183,+0.186,+0.184,+0.187,+0.183,+0.203,+0.203,+0.204,+0.211,+0.210,+0.210,+0.218,+0.219,+0.229,+0.232,+0.241,+0.239,+0.242,+0.242,+0.252,+0.255,+0.269,+0.283,+0.279,+0.280,+0.287
