,iter2,iter3,iter4,iter5,iter6,iter7,iter8,iter9,iter10,iter11,iter12,iter13,iter14,iter15,iter16,iter17,iter18,iter19,iter20,iter21,iter22,iter23,iter24,iter25,iter26,iter27,iter28,iter29,iter30,iter31,iter32,iter33,iter34,iter35,iter36,iter37,iter38,iter39,iter40,iter41,iter42,iter43,iter44,iter45,iter46,iter47,iter48,iter49,iter50,iter51,iter52,iter53,iter54,iter55,iter56,iter57,iter58,iter59,iter60,iter61,iter62,iter63,iter64,iter65,iter66,iter67,iter68,iter69,iter70,iter71,iter72,iter73,iter74,iter75,iter76,iter77,iter78,iter79,iter80,iter81,iter82,iter83,iter84,iter85,iter86,iter87,iter88,iter89,iter90,iter91,iter92,iter93,iter94,iter95,iter96,iter97,iter98,iter99,iter100,iter101,iter102,iter103,iter104,iter105,iter106,iter107,iter108,iter109,iter110,iter111,iter112,iter113,iter114,iter115,iter116,iter117,iter118,iter119,iter120,iter121,iter122,iter123,iter124,iter125,iter126,iter127,iter128,iter129,iter130,iter131,iter132,iter133,iter134,iter135,iter136,iter137,iter138,iter139,iter140,iter141,iter142,iter143,iter144,iter145,iter146,iter147,iter148,iter149,iter150,iter151,iter152,iter153,iter154,iter155,iter156,iter157,iter158,iter159,iter160,iter161,iter162,iter163,iter164,iter165,iter166,iter167,iter168,iter169,iter170,iter171,iter172,iter173,iter174,iter175,iter176,iter177,iter178,iter179,iter180,iter181,iter182,iter183,iter184,iter185,iter186,iter187,iter188,iter189,iter190,iter191,iter192,iter193,iter194,iter195,iter196,iter197,iter198,iter199,iter200,iter201,iter202,iter203,iter204,iter205,iter206,iter207,iter208,iter209,iter210,iter211,iter212,iter213,iter214,iter215,iter216,iter217,iter218,iter219,iter220,iter221,iter222,iter223,iter224,iter225,iter226,iter227,iter228,iter229,iter230,iter231,iter232,iter233,iter234,iter235,iter236,iter237,iter238,iter239,iter240,iter241,iter242,iter243,iter244,iter245,iter246,iter247,iter248,iter249,iter250,iter251,iter252
run1,229,201,197,234,202,230,232,228,196,193,209,210,194,198,192,208,214,213,217,218,224,212,200,225,40,36,4,8,20,24,68,72,100,84,132,148,164,104,168,64,9,5,21,41,37,69,85,73,101,133,149,165,70,86,102,38,6,22,10,42,66,166,134,150,26,25,169,146,144,88,152,89,160,153,90,154,162,98,130,161,97,129,82,33,2,136,74,128,184,65,120,56,52,116,57,58,53,54,122,121,118,117,182,181,113,114,178,177,50,180,176,49,112,48,186,96,32,145,248,0,80,16,18,137,250,1,226,81,247,251,243,124,188,189,125,190,126,62,61,60,174,110,109,45,46,14,78,77,142,173,141,13,108,172,140,44,76,12,94,158,157,93,30,156,29,92,47,15,31,79,111,175,143,95,159,127,191,63,239,207,223,255,220,28,240,245,242,246,244,17,163,105,138,249,235,51,115,179,55,119,59,123,187,170,241,106,254,253,252,238,206,237,205,221,222,211,195,227,215,219,199,203,231,43,236,19,3,23,35,7,27,11,83,67,147,39,87,91,75,71,155,107,103,99,171,204,131,167,151,139,135
run2,57,3,121,185,19,26,22,6,42,38,9,5,25,21,41,37,69,73,85,101,89,90,70,86,133,149,165,102,65,66,150,153,134,166,169,68,84,132,72,148,100,164,4,36,8,20,24,40,39,23,67,99,163,83,88,152,136,162,98,81,129,97,161,130,34,146,160,33,117,154,58,54,122,118,186,182,181,113,177,114,178,50,49,82,116,120,184,56,52,180,112,176,48,96,128,32,74,2,104,168,124,144,64,7,189,125,190,126,62,61,145,80,27,11,60,0,147,137,16,18,1,174,110,109,78,142,173,77,141,46,45,13,108,172,140,14,44,76,94,158,157,93,156,30,29,12,92,47,15,31,79,111,95,143,159,175,63,127,191,51,55,115,179,119,183,59,123,187,234,202,230,198,218,201,217,197,214,213,233,229,200,196,212,216,228,232,192,208,224,209,193,210,194,225,226,249,203,227,243,248,239,207,223,255,28,250,105,17,220,206,221,222,238,237,252,253,240,245,241,246,242,254,244,138,170,251,87,71,91,75,155,43,106,103,107,211,195,215,199,219,231,235,171,247,236,204,131,167,151,139,135
run3,15,53,95,79,189,188,49,50,113,114,54,58,118,122,117,121,178,182,181,177,185,186,48,112,176,52,116,56,180,120,184,124,125,126,62,61,60,34,38,42,41,37,106,102,101,5,105,69,165,9,97,85,73,21,133,149,98,33,1,81,161,129,89,25,6,22,86,66,70,153,130,26,10,162,82,150,134,137,146,100,164,104,72,68,132,84,148,88,8,4,36,24,40,20,168,152,160,136,2,128,90,159,47,111,175,143,144,96,32,154,145,127,191,63,99,163,64,166,74,80,18,174,110,109,77,173,141,142,78,46,45,13,172,108,140,14,44,76,94,158,157,93,30,156,29,0,12,232,228,200,196,212,216,197,192,213,217,229,201,233,198,202,214,230,234,218,208,224,209,193,210,194,225,248,226,250,227,239,207,223,255,220,28,92,240,245,242,246,244,169,17,35,3,19,7,23,39,83,67,147,27,11,51,115,179,119,183,55,59,123,187,243,249,138,219,241,251,211,195,215,199,203,231,235,87,71,91,75,155,43,170,103,107,171,254,253,252,238,206,237,205,221,222,247,236,204,131,167,151,139,135
run4,159,79,175,111,95,47,15,31,36,40,4,8,20,24,72,84,68,100,132,148,164,136,73,69,85,133,149,101,165,9,5,37,10,21,70,86,22,102,38,26,25,150,134,166,41,42,162,98,65,129,66,97,161,130,34,89,160,153,90,154,137,146,2,32,74,96,128,88,104,168,144,64,0,80,145,16,48,112,176,113,177,117,181,118,114,178,182,49,50,53,54,116,180,52,56,120,57,121,184,185,58,122,186,152,127,191,63,51,115,179,119,183,55,59,123,187,35,3,99,67,83,131,19,23,7,43,18,105,1,231,227,243,224,232,228,200,196,212,216,201,197,213,217,229,233,198,202,214,230,234,218,208,192,209,193,210,194,225,244,248,239,207,223,226,250,81,255,163,169,220,240,245,242,246,235,17,172,140,108,76,12,44,28,45,13,109,77,173,141,14,46,110,174,142,78,29,30,94,158,157,93,156,92,188,124,60,125,189,190,126,62,61,27,11,87,91,75,71,155,249,138,241,215,199,219,211,195,203,170,251,106,103,107,171,254,253,252,238,206,237,205,221,222,247,236,147,204,167,151,139,135
run5,165,101,97,133,69,149,85,73,70,86,66,102,162,98,65,129,130,82,150,134,89,153,5,9,21,25,22,6,26,10,37,33,34,38,41,42,100,164,104,168,68,132,72,84,148,4,36,8,20,24,40,88,152,160,90,154,136,146,2,74,96,32,128,144,64,48,112,176,113,177,117,181,116,180,52,120,56,121,185,184,53,57,122,118,182,54,114,178,50,49,58,186,145,0,80,16,244,18,239,207,223,232,228,200,196,212,216,192,201,197,229,233,213,217,198,202,230,234,214,218,208,224,209,193,210,194,225,248,166,47,15,31,79,95,111,175,143,159,63,127,191,99,163,137,226,81,1,250,243,220,29,13,28,12,30,14,44,45,46,109,77,110,173,174,141,78,142,108,172,140,76,61,94,158,157,156,92,240,245,242,246,62,126,190,125,189,188,124,17,35,3,19,23,7,39,83,67,147,27,11,105,138,211,195,215,199,219,227,203,249,231,235,51,115,179,119,183,55,59,123,187,241,170,251,87,71,91,75,155,43,103,107,106,171,254,253,252,238,206,237,205,221,222,247,236,204,131,167,151,139,135
run6,78,109,77,141,142,110,174,45,14,46,76,108,172,140,44,12,30,245,242,246,241,244,240,29,28,158,157,93,92,156,233,229,201,197,217,230,198,214,202,234,213,218,225,193,209,210,194,228,196,232,212,200,216,192,224,208,226,205,237,238,236,204,220,221,206,222,253,254,252,61,125,189,190,126,62,188,124,60,40,36,4,20,8,24,0,16,32,68,84,72,88,148,132,152,136,100,164,96,160,64,80,144,128,104,168,17,1,33,81,65,129,97,161,69,85,133,149,101,165,73,5,37,9,21,25,89,153,2,6,22,10,26,86,82,66,130,70,150,134,34,38,41,162,42,90,154,74,146,137,145,102,18,249,166,105,169,48,112,176,116,180,120,184,52,56,117,181,121,185,53,57,113,177,49,118,182,122,54,58,114,178,50,186,250,138,227,35,3,19,7,23,67,83,99,71,131,39,27,11,87,91,155,47,15,31,79,95,111,143,159,175,63,127,191,51,115,179,119,183,55,59,123,187,243,163,255,239,207,223,106,43,170,219,251,211,195,215,199,203,231,235,147,247,103,107,75,171,167,151,139,135
run7,8,68,84,148,72,20,4,100,164,36,40,168,53,121,185,117,144,80,105,101,165,69,133,149,85,89,73,9,5,37,25,134,150,86,166,102,22,6,38,26,10,82,58,54,122,186,118,50,114,49,113,153,178,56,52,120,116,184,48,112,176,169,70,42,41,98,66,130,161,97,33,34,138,182,181,177,180,21,128,160,32,0,16,96,64,88,152,2,145,129,146,136,65,162,1,17,240,249,245,242,246,18,244,81,229,197,201,233,230,198,214,217,218,202,234,213,225,228,232,196,224,212,216,200,192,208,209,193,210,194,226,90,74,137,104,45,13,29,46,109,77,110,174,78,142,173,141,14,76,108,172,44,140,12,28,30,92,156,94,158,157,93,221,190,189,125,126,61,62,188,124,60,250,154,170,191,127,63,47,15,31,79,95,111,143,159,175,255,239,207,223,243,252,253,254,236,204,220,241,237,238,206,222,205,106,179,115,51,119,183,55,59,123,187,251,227,235,247,211,195,215,199,219,203,231,35,3,19,99,67,83,163,23,7,39,147,43,27,11,87,71,103,107,91,75,167,151,131,171,155,135
run8,134,138,70,86,101,165,69,133,85,149,73,105,166,102,184,130,66,116,5,9,21,37,6,22,38,10,41,84,68,148,132,136,100,164,4,20,36,40,8,176,42,26,25,24,120,56,52,57,53,58,54,122,118,186,117,121,50,114,49,113,48,112,178,182,181,177,162,98,65,129,97,161,146,34,82,88,72,33,160,104,168,89,2,153,90,96,128,32,137,144,145,64,0,152,74,16,18,250,1,81,171,232,228,200,196,212,216,201,197,229,233,213,217,202,230,198,234,214,218,192,208,224,209,193,210,194,225,248,172,108,140,76,156,44,12,173,109,77,141,110,174,142,45,13,46,78,14,61,188,124,189,125,190,126,62,60,94,158,157,93,30,29,92,28,226,220,240,245,242,246,17,169,154,249,170,191,127,63,111,175,143,79,159,95,15,47,31,255,239,207,223,243,241,51,115,179,119,183,55,59,123,187,251,235,106,211,195,227,215,199,219,203,231,254,253,252,238,206,237,205,221,222,35,3,19,83,67,147,23,7,39,99,27,11,163,247,236,43,87,71,91,75,155,103,107,204,131,167,151,139,135
run9,71,67,87,103,99,163,7,39,23,11,100,104,68,72,164,132,168,84,148,88,136,69,85,73,101,149,165,105,89,137,5,21,37,9,41,6,70,22,10,38,86,42,26,25,1,65,81,102,129,145,4,20,36,8,128,24,40,161,130,134,150,166,160,162,98,66,97,146,34,82,90,96,144,33,74,2,64,80,3,19,35,32,0,16,18,152,153,48,49,50,113,114,177,178,117,181,118,53,54,182,57,58,121,52,56,116,120,180,112,176,184,185,122,186,169,154,248,51,55,59,119,123,183,115,179,187,17,43,235,232,228,200,196,212,216,201,197,229,233,213,217,198,202,214,230,234,218,208,192,224,209,193,210,194,225,226,247,251,243,250,47,15,31,79,95,111,143,159,175,63,127,191,239,207,223,255,220,240,245,242,246,107,172,140,108,76,12,44,28,45,13,29,109,77,173,141,14,46,110,174,78,142,30,94,158,157,93,156,92,188,124,60,125,189,190,126,61,62,249,138,91,171,27,241,170,211,195,227,215,219,199,203,231,106,254,253,252,238,206,237,205,221,222,147,236,155,204,131,167,139,135
run10,148,128,132,136,84,68,100,164,104,37,5,41,9,21,6,22,10,26,25,85,69,149,86,8,4,20,36,40,101,133,165,66,70,24,134,150,166,42,89,73,162,98,65,129,97,161,130,34,146,153,88,72,33,90,154,137,2,160,168,82,74,96,32,64,80,75,0,139,27,11,145,16,18,1,81,105,169,23,19,3,83,67,147,35,7,39,17,48,112,49,50,113,114,177,178,117,181,118,182,53,54,176,116,180,52,57,56,120,121,58,184,185,122,186,232,228,200,196,212,216,197,213,217,229,201,233,198,202,214,230,234,218,192,208,224,209,193,210,194,225,226,249,248,231,227,243,244,250,31,15,47,79,111,95,143,159,175,63,127,191,239,207,223,255,220,240,245,242,246,235,99,87,71,172,140,108,76,12,44,28,45,13,29,14,46,109,173,77,110,174,78,142,141,30,94,158,157,93,156,92,188,124,60,125,189,190,126,61,62,138,51,115,179,119,183,55,59,123,187,163,43,215,199,219,211,195,203,241,170,251,106,254,253,252,238,206,237,205,221,222,247,236,103,107,171,151,204,131,167,155,135
run11,128,80,64,68,84,132,148,10,215,72,22,6,100,164,5,9,37,38,21,4,20,36,219,40,129,86,130,101,102,162,98,161,97,82,66,69,85,149,8,133,165,33,34,109,168,231,141,77,174,142,110,195,211,227,46,45,13,42,41,25,24,160,32,108,172,44,140,0,16,96,235,150,134,70,166,170,145,14,2,12,224,228,232,200,196,212,216,201,197,213,217,229,233,198,202,214,230,234,218,88,152,146,89,90,73,78,154,74,136,208,192,209,193,210,194,225,65,240,226,76,204,236,237,238,153,223,220,205,221,206,222,28,29,30,94,158,157,93,156,92,18,104,1,105,81,17,169,19,3,35,7,23,67,83,99,131,39,27,11,87,71,91,155,138,31,15,47,79,111,95,143,159,175,61,60,189,125,190,126,62,188,124,254,252,253,127,191,63,112,176,48,113,177,49,114,178,50,117,181,118,182,53,54,116,180,52,120,56,57,121,184,185,122,58,186,51,115,179,119,183,55,59,123,187,163,255,243,203,106,43,242,239,207,250,246,249,245,241,248,244,251,147,247,103,107,75,171,167,151,139,135
run12,227,56,120,116,184,48,112,176,180,113,49,53,117,57,177,121,181,185,50,114,178,54,58,118,122,182,186,32,36,40,4,8,20,24,100,104,68,72,84,164,132,88,136,96,148,64,105,101,69,165,133,73,85,149,37,5,9,21,70,102,6,38,86,22,10,41,98,65,81,97,161,82,66,130,162,150,25,26,34,134,42,89,153,90,160,33,168,154,146,166,138,2,144,128,232,228,200,196,212,216,201,233,197,213,217,202,230,198,234,214,218,192,208,224,209,193,210,194,137,145,0,225,80,16,248,74,18,152,243,1,226,240,249,245,242,246,235,244,169,17,44,12,108,172,140,45,13,109,77,173,141,110,174,78,142,46,14,76,221,28,29,30,94,158,157,93,156,92,188,189,190,125,126,124,61,62,60,19,3,35,7,23,67,99,83,71,131,39,27,11,87,91,155,15,31,47,79,111,95,143,159,175,127,191,63,241,223,51,115,179,119,183,55,59,123,187,163,215,199,219,211,195,203,170,255,106,251,43,254,253,252,236,204,220,237,238,206,222,205,239,207,147,247,103,107,75,171,167,151,139,135
run13,103,167,179,171,71,87,91,75,155,160,64,80,128,144,67,83,99,147,183,119,123,187,132,148,84,68,88,72,152,136,100,164,104,168,4,20,8,24,36,40,32,0,16,69,85,133,149,73,89,153,137,101,165,105,9,5,25,37,21,41,70,86,102,6,22,26,10,38,42,66,130,146,162,98,161,97,33,34,150,134,166,90,74,129,145,65,81,2,1,17,18,82,154,189,190,126,62,61,188,124,169,249,250,49,50,53,57,54,58,117,121,181,185,122,186,118,182,113,177,114,178,180,116,184,112,176,120,52,56,48,245,241,246,244,240,60,51,55,59,242,109,77,141,173,174,142,110,78,45,13,14,46,108,172,140,44,12,76,28,92,156,29,30,94,158,157,93,225,224,226,194,230,210,209,193,214,213,198,202,234,218,201,217,197,229,233,196,228,232,212,200,216,192,208,237,238,205,236,204,220,221,206,222,253,254,252,170,175,111,143,159,79,95,47,15,31,127,191,63,223,255,243,251,231,235,199,215,219,195,211,227,19,35,3,39,43,7,23,27,11,138,239,203,247,163,207,106,151,131,139,135
run14,78,71,93,120,184,56,52,48,112,176,49,53,113,57,50,54,58,118,122,117,121,182,181,185,177,114,178,186,180,32,36,40,4,8,20,24,100,104,68,72,84,164,132,148,168,96,160,64,88,152,128,136,101,165,69,133,85,149,105,37,5,9,21,102,70,98,144,65,129,97,161,33,1,2,66,6,86,22,38,25,130,162,10,34,26,41,150,146,134,89,73,42,90,153,82,166,154,74,145,142,83,67,147,80,18,137,0,16,3,35,19,7,39,99,27,11,81,110,174,109,173,77,141,45,13,46,14,108,172,140,158,157,76,30,156,125,29,190,126,189,62,61,188,124,60,51,115,179,119,183,55,59,123,187,163,92,12,111,47,15,31,79,95,143,159,175,191,127,63,169,203,228,232,200,196,212,216,192,197,213,217,229,201,233,198,202,230,234,214,218,208,224,209,193,210,194,225,248,227,243,226,249,239,207,223,255,220,28,240,245,246,242,244,17,250,91,75,155,43,138,241,170,103,107,251,106,211,195,215,199,219,231,235,171,254,253,252,238,206,237,205,221,222,247,236,204,131,167,151,139,135
run15,14,50,114,178,113,118,182,177,117,181,53,54,57,121,58,185,122,29,52,56,120,116,184,48,112,176,28,12,186,180,44,13,92,156,108,172,140,45,46,109,77,110,174,142,173,141,76,162,130,66,98,134,70,86,150,138,129,65,161,133,149,69,85,97,165,101,82,137,1,33,2,34,5,37,6,38,9,22,21,10,26,25,41,100,68,84,132,148,164,104,168,4,20,8,36,40,24,72,160,42,32,78,144,128,0,16,88,152,146,96,136,80,64,89,73,189,125,190,126,62,61,188,124,60,102,145,225,224,200,196,228,232,212,216,201,197,229,233,213,217,198,214,202,230,234,218,208,192,209,193,210,194,248,236,204,237,205,221,220,238,206,94,158,157,93,18,90,105,166,226,153,74,81,250,17,169,252,244,243,240,245,241,246,242,253,254,249,154,170,191,127,63,111,175,143,79,95,159,15,47,31,255,239,207,223,179,115,119,183,51,55,59,123,187,251,235,43,247,227,211,195,215,199,219,203,231,35,3,19,23,7,39,27,11,83,67,99,163,87,91,155,71,147,103,107,75,171,167,151,139,135
run16,93,94,158,142,157,141,0,16,64,80,144,128,96,160,132,148,84,68,72,100,164,4,20,36,8,40,168,24,30,69,85,133,149,73,101,165,70,86,102,5,9,21,37,66,6,22,38,10,146,162,98,130,161,97,33,34,26,25,134,150,42,41,89,153,137,166,154,138,90,145,129,156,2,14,88,152,39,29,92,28,12,76,13,44,108,172,140,45,46,109,173,110,174,81,65,18,17,1,82,136,48,52,56,116,120,180,184,112,176,117,121,185,53,57,113,49,50,54,58,118,122,186,114,178,182,181,177,61,189,125,190,126,62,188,124,105,74,23,11,3,19,35,51,55,59,119,123,183,187,115,179,175,111,143,159,79,47,15,31,95,127,191,63,245,246,244,248,240,242,60,228,224,232,200,196,212,216,201,217,197,213,229,233,202,230,234,198,214,218,225,192,208,193,209,210,194,226,104,237,238,236,204,205,253,252,254,220,221,206,222,249,241,169,250,227,243,255,239,207,223,99,67,83,163,170,106,219,251,211,195,215,199,203,231,235,247,43,147,27,103,107,171,71,87,91,75,155,131,167,139,135
run17,166,102,134,150,70,86,133,149,165,69,85,101,98,66,161,130,137,77,18,2,22,6,10,26,5,9,25,37,38,34,21,42,41,33,96,160,100,164,68,84,132,148,4,20,36,8,40,104,168,72,32,24,0,16,144,80,128,157,141,158,142,94,78,30,156,64,14,29,92,28,12,76,162,146,172,108,140,44,173,109,110,174,45,46,13,129,88,152,89,73,90,154,74,136,145,65,225,228,232,200,196,212,216,233,201,197,229,213,217,198,202,214,230,234,218,192,224,208,209,193,210,194,245,248,49,50,54,53,57,58,117,121,118,181,113,114,177,178,182,116,120,180,176,56,52,184,185,122,112,48,186,125,188,124,189,190,126,62,61,60,105,153,226,250,1,220,240,242,246,244,169,17,81,138,249,241,191,127,63,111,175,143,79,159,95,15,31,47,255,239,207,223,243,51,115,179,119,183,55,59,123,187,251,235,106,254,253,252,238,206,237,205,221,222,236,227,247,211,195,215,199,219,203,231,35,3,19,99,67,83,163,39,23,7,147,43,27,11,103,71,107,167,87,75,91,171,204,131,151,139,135
run18,15,176,111,79,175,143,159,95,31,127,191,63,179,115,163,51,119,183,55,59,123,187,116,180,184,120,52,48,56,113,49,53,57,117,121,181,185,177,50,54,58,118,122,182,114,178,186,32,96,160,36,40,4,8,20,24,100,104,68,72,84,132,148,164,168,105,101,165,69,133,73,85,149,37,5,9,21,70,86,102,6,22,38,10,26,25,41,150,134,166,42,98,66,130,97,161,34,162,89,153,137,33,129,88,152,90,144,128,154,146,2,74,136,80,0,64,65,16,145,1,18,232,228,200,196,212,216,201,197,229,233,213,217,202,230,198,234,214,218,192,208,224,209,193,210,194,225,227,243,248,255,239,207,223,226,220,240,246,242,169,244,81,172,140,108,76,12,44,28,45,13,109,77,173,141,14,46,110,174,142,78,29,30,188,124,60,125,189,190,126,62,61,94,158,157,93,156,92,250,138,251,249,219,170,235,241,211,195,215,199,203,231,43,106,254,253,252,238,206,237,205,221,222,247,236,19,3,23,35,7,27,11,83,67,147,39,87,91,75,71,155,107,103,99,171,204,131,167,151,139,135
run19,218,198,214,201,217,197,213,233,229,234,230,200,196,228,232,212,216,192,208,224,209,193,210,194,225,8,36,40,100,104,68,4,72,132,84,20,148,168,64,5,9,21,37,69,85,101,73,133,149,165,70,86,102,129,66,6,22,38,134,150,166,10,42,41,26,25,24,89,153,88,152,162,98,65,97,161,130,34,146,82,90,154,33,160,137,2,136,74,128,144,53,57,58,54,117,121,118,181,185,122,182,113,114,178,177,50,186,120,184,56,52,116,49,180,176,112,48,96,32,145,0,18,80,119,123,183,187,179,59,55,51,107,103,167,16,35,39,105,3,19,23,7,83,67,147,43,81,1,226,235,248,247,251,243,169,47,15,31,79,95,111,143,159,175,63,127,191,239,207,223,255,244,17,99,220,206,221,222,238,237,44,12,28,29,13,30,92,76,156,14,252,108,140,45,46,109,173,77,110,174,78,142,141,172,94,158,157,93,125,188,124,189,190,126,62,61,60,253,138,240,245,241,249,242,254,250,27,11,170,163,87,71,91,75,155,106,211,195,227,215,219,199,203,231,236,171,204,131,151,139,135
run20,12,54,118,182,44,45,14,46,109,77,110,174,142,173,108,172,140,57,53,121,117,181,185,186,141,116,180,184,52,56,120,112,48,49,113,177,176,114,178,50,33,34,37,41,38,42,5,9,21,6,10,22,26,25,105,101,69,85,89,73,165,133,137,149,102,86,98,2,65,129,97,161,82,66,130,36,40,4,8,20,24,72,68,84,132,148,100,164,168,150,70,134,32,88,152,162,160,90,154,74,136,78,96,0,16,146,128,144,64,80,76,166,145,104,1,188,189,190,125,126,124,61,62,60,18,29,30,169,94,158,157,93,156,92,153,221,17,81,111,175,143,159,79,95,15,47,31,191,127,63,163,255,239,207,223,138,170,252,253,254,236,204,220,237,238,206,222,205,106,210,194,226,209,193,225,198,214,197,213,217,218,202,230,229,201,234,233,192,208,224,196,228,212,200,216,232,242,51,115,179,119,183,55,59,123,187,243,211,195,227,215,199,219,203,231,235,43,250,246,249,245,248,244,241,251,247,19,3,23,35,7,27,11,83,67,147,39,87,91,75,155,71,99,103,107,171,131,167,151,139,135
run21,86,66,82,65,69,85,133,149,150,134,73,74,101,165,166,102,169,98,130,97,161,162,89,153,137,210,5,21,25,9,37,33,2,34,22,6,38,26,10,41,42,209,193,129,145,213,214,68,84,132,148,72,100,164,4,20,8,36,24,40,168,88,152,144,128,80,160,83,67,99,131,71,7,23,39,35,3,19,16,217,201,197,218,202,198,230,234,229,233,196,228,232,212,200,216,208,192,224,146,96,32,64,136,225,0,18,1,226,48,112,49,50,113,177,114,178,176,117,181,118,182,53,54,57,52,116,180,56,120,121,58,184,185,122,186,249,104,248,51,115,179,119,183,55,59,123,187,81,235,247,251,243,250,111,175,79,143,159,95,47,15,31,63,127,191,255,239,207,223,220,13,29,28,12,30,44,14,45,46,109,173,110,174,77,141,108,172,140,78,76,240,245,242,246,244,94,158,157,93,156,92,17,188,124,60,125,189,190,126,62,61,105,154,170,138,43,163,211,195,227,215,199,219,203,231,27,11,241,90,106,254,253,252,238,206,237,205,221,222,236,147,103,107,171,75,91,204,167,151,139,135
run22,105,165,69,133,137,85,149,70,86,102,162,98,129,65,97,145,130,82,66,134,150,176,166,186,118,117,121,113,114,50,53,57,54,58,178,5,9,21,37,41,33,2,6,22,10,34,38,26,42,25,48,52,116,56,120,184,170,182,181,185,177,180,104,168,100,68,84,72,148,132,164,40,36,4,8,20,24,32,96,160,0,64,144,80,128,16,152,88,89,73,90,154,74,136,1,17,81,146,18,169,245,244,241,246,240,225,224,226,194,230,210,209,193,214,213,208,192,212,198,218,202,234,201,217,197,229,233,216,200,196,228,232,237,238,205,236,204,220,221,206,222,153,242,253,254,252,28,12,44,108,76,92,172,140,156,13,29,45,109,77,173,141,110,174,78,142,14,46,30,94,93,158,157,61,125,189,190,126,62,188,124,60,223,195,211,227,215,199,219,231,235,251,3,19,35,7,23,39,67,83,99,131,249,248,27,11,250,87,71,91,155,138,47,15,31,79,95,111,143,159,175,127,191,63,51,115,179,119,183,55,59,123,187,163,255,243,203,106,43,239,207,147,247,103,107,75,171,167,151,139,135
run23,211,69,85,73,133,165,101,153,149,70,86,102,97,98,65,161,137,89,129,145,5,9,21,37,25,33,41,1,18,2,22,6,26,10,82,66,130,34,38,150,68,132,72,84,148,100,164,4,36,20,8,24,40,88,152,136,162,134,160,42,90,146,32,154,215,199,219,227,96,128,74,104,168,144,0,64,80,16,239,207,223,192,224,232,228,200,196,212,216,201,197,213,217,229,233,198,202,214,230,234,218,208,209,193,210,194,225,240,226,46,45,13,109,77,110,173,141,174,142,108,172,44,140,78,12,76,204,236,237,238,31,15,47,79,111,175,143,95,159,19,3,23,83,67,131,35,7,27,11,220,205,221,206,222,29,30,28,94,158,157,93,156,92,166,81,17,99,87,71,147,39,169,63,127,191,60,61,189,125,190,126,62,188,124,253,252,254,203,138,112,176,48,113,177,49,114,178,50,117,181,118,182,53,54,116,180,52,120,56,57,121,184,185,122,58,186,115,179,51,119,183,55,59,123,187,103,107,43,167,106,231,235,170,242,91,75,155,250,246,249,245,241,248,244,251,163,247,171,151,139,135
run24,132,68,84,72,100,164,168,4,20,36,8,212,200,196,192,224,228,232,40,144,128,69,85,133,149,73,101,165,70,86,102,5,37,21,6,22,38,9,10,130,162,98,146,82,66,161,97,34,26,25,150,134,41,160,42,24,89,153,137,201,197,213,217,229,233,198,202,214,230,234,218,33,88,152,129,90,32,96,208,80,154,2,74,209,193,210,194,0,16,136,64,225,145,65,49,50,114,113,177,178,117,181,118,182,53,54,57,121,58,116,180,120,56,52,176,184,185,122,112,48,186,248,104,166,18,105,220,226,1,81,169,238,237,205,221,206,222,236,17,13,29,28,12,92,156,76,140,30,44,14,108,172,93,157,141,158,142,94,78,77,174,110,173,109,46,45,125,188,124,189,190,126,62,61,60,250,138,244,252,255,243,240,245,241,246,242,249,253,170,63,127,191,47,111,175,79,143,95,159,15,31,239,207,223,106,179,115,119,183,51,55,59,123,187,251,235,247,43,227,211,195,215,199,219,203,231,35,3,19,23,7,39,27,11,99,163,67,83,87,71,91,75,155,103,107,171,131,167,151,139,135
run25,98,130,97,65,102,70,129,101,166,134,165,69,133,86,150,85,149,73,137,81,82,146,5,21,22,6,9,25,26,10,37,41,33,38,34,42,229,68,84,132,72,148,100,164,4,8,20,36,24,40,168,201,197,213,217,198,202,214,230,234,218,232,200,196,212,216,88,152,160,192,89,90,154,2,74,136,208,224,209,193,210,194,96,128,32,225,144,64,145,49,50,113,114,178,117,118,181,177,182,53,54,57,121,58,185,122,186,120,184,56,52,116,180,112,176,48,104,249,0,80,18,16,153,226,248,1,105,169,43,243,240,245,242,246,244,17,45,13,46,109,77,110,173,141,174,142,14,76,108,172,44,140,78,12,28,29,30,221,94,158,157,93,156,92,189,190,125,126,61,62,188,124,60,250,143,159,95,79,175,111,15,47,31,191,127,63,179,115,119,183,51,55,59,123,187,163,255,239,207,223,138,251,241,219,170,235,254,253,252,236,204,220,237,238,206,222,205,106,211,195,227,215,199,203,231,247,19,3,23,35,7,27,11,83,67,147,39,87,91,75,155,71,99,103,107,171,131,167,151,139,135
run26,117,181,121,185,182,122,54,53,58,57,49,113,177,114,178,186,180,120,184,112,176,52,48,56,100,164,104,168,36,40,96,160,68,132,72,84,148,128,4,20,88,8,24,152,64,101,165,105,69,133,85,73,149,37,5,9,21,70,102,6,38,22,86,10,98,25,1,65,97,129,161,2,34,66,130,162,26,41,150,146,134,89,153,42,90,154,137,82,33,136,32,166,74,144,145,80,0,16,3,19,83,67,131,35,23,7,39,27,11,18,81,231,199,215,195,211,227,219,232,228,200,196,212,216,201,197,229,233,213,217,202,230,198,234,214,218,192,208,224,209,193,210,194,225,248,243,15,47,31,79,111,95,175,143,159,207,223,191,127,63,226,244,169,239,255,220,240,245,242,203,17,99,87,91,155,249,250,172,140,108,76,12,44,28,45,13,29,109,77,173,141,14,46,110,174,78,142,30,94,158,157,93,156,92,188,124,60,125,189,190,126,61,62,138,51,115,179,119,183,55,59,123,187,235,241,163,170,251,106,43,254,253,252,238,206,237,205,221,222,247,236,75,103,107,171,147,204,167,151,139,135
run27,79,233,229,201,197,198,202,214,213,217,230,218,196,228,232,212,200,216,192,208,224,209,193,210,225,34,33,38,6,37,5,42,21,22,26,9,70,86,97,102,65,129,69,85,101,133,149,165,25,134,150,166,41,4,20,36,68,84,100,132,148,8,164,24,88,72,89,73,40,162,98,161,66,130,146,153,160,152,82,90,154,137,2,96,128,136,74,32,144,145,64,49,50,113,114,178,117,118,181,177,182,53,54,57,121,58,185,122,120,184,56,52,116,186,180,112,176,48,104,249,0,18,80,16,67,83,147,159,143,175,111,47,15,31,35,3,19,7,23,39,51,115,179,119,183,55,59,123,187,99,43,227,243,248,63,127,191,163,105,1,226,81,239,207,223,255,169,220,240,245,246,242,244,17,172,140,108,76,12,44,28,45,13,109,77,173,141,14,46,110,174,142,78,29,30,94,158,157,93,156,92,188,124,60,125,189,190,126,62,61,250,138,27,11,219,170,241,251,211,195,215,199,203,231,235,87,71,91,75,155,103,107,106,171,254,253,252,238,206,237,205,221,222,247,236,204,131,167,151,139,135
run28,113,175,79,50,53,54,58,57,118,122,117,121,182,181,177,114,178,185,186,52,48,56,116,112,120,176,180,184,37,41,101,105,165,169,96,100,164,160,104,168,64,68,132,36,84,72,148,128,97,4,20,69,133,85,149,5,88,136,21,102,161,8,98,65,129,81,33,1,66,162,130,86,34,6,22,38,9,70,146,25,150,26,10,24,40,134,89,2,90,73,42,82,153,154,143,159,95,47,15,31,32,193,213,201,197,229,233,198,202,230,214,234,218,196,228,212,200,216,232,192,208,224,166,74,209,210,194,225,145,249,152,80,127,191,35,3,19,67,99,83,131,7,23,39,51,115,179,119,183,55,59,123,187,18,43,0,227,243,248,16,137,239,207,223,163,255,226,250,220,240,245,242,246,244,17,172,140,108,76,12,44,28,45,13,29,109,77,173,141,14,46,110,174,142,78,30,94,158,157,93,156,92,188,124,60,125,189,190,126,62,61,27,11,138,87,71,91,155,241,170,219,211,195,215,199,203,231,235,106,251,247,254,253,252,238,206,222,237,205,221,236,75,103,107,171,147,204,167,151,139,135
run29,118,215,219,195,211,227,129,165,101,169,133,69,149,85,134,150,70,86,130,166,102,98,146,65,82,66,161,97,162,153,89,73,21,5,25,9,22,6,26,10,37,34,38,33,68,132,72,84,148,100,164,4,36,20,8,24,88,152,40,136,41,160,90,154,42,49,50,113,114,177,178,117,181,53,54,57,121,58,185,122,186,56,52,120,116,184,48,112,176,180,32,2,104,168,96,128,74,144,64,0,228,232,200,196,212,216,192,197,213,217,229,201,233,198,202,230,234,214,218,208,224,209,193,210,194,225,248,80,18,16,243,249,137,207,223,1,226,81,15,31,47,79,111,95,175,143,159,127,63,191,147,239,255,220,252,44,12,28,29,13,30,14,45,46,109,77,173,110,174,141,78,142,108,172,140,76,188,124,189,125,190,126,62,254,60,94,158,157,93,156,92,17,240,245,242,246,244,231,235,105,250,138,241,179,115,119,183,51,55,59,123,187,203,251,238,206,237,205,221,222,170,106,43,247,236,35,3,19,23,7,39,27,11,99,163,91,75,155,107,103,71,87,171,67,83,204,131,167,151,139,135
run30,233,229,201,217,197,230,202,198,214,213,218,200,196,228,232,212,216,192,208,224,209,193,210,194,225,24,8,4,20,40,36,72,68,84,100,132,88,104,136,164,148,69,85,73,133,149,101,165,5,9,21,37,70,86,102,38,6,22,41,10,130,134,150,166,42,26,25,144,146,169,162,98,161,97,66,34,82,160,33,89,90,153,2,154,128,74,168,65,32,113,117,181,118,177,178,182,114,53,54,57,121,58,50,180,116,120,184,185,122,56,52,186,49,112,176,48,145,152,64,249,0,18,80,16,137,248,1,39,51,55,59,119,123,183,115,187,179,35,99,163,127,191,47,15,31,111,79,95,175,143,159,231,227,247,251,243,239,207,223,255,81,226,220,60,44,12,28,29,13,30,14,240,245,246,242,45,46,109,77,173,110,174,78,142,141,108,172,140,76,62,61,126,190,189,188,124,235,3,19,23,7,83,67,147,244,94,158,157,93,156,92,11,17,105,250,138,211,195,215,199,219,203,170,241,106,254,253,252,238,206,237,205,221,222,43,87,71,91,75,155,27,103,107,171,236,204,131,167,151,139,135
run31,1,4,8,36,40,65,129,69,85,133,149,73,101,165,134,150,86,166,102,5,37,9,21,82,6,22,38,10,64,128,100,68,84,160,164,132,148,144,98,66,130,161,97,33,34,70,41,42,26,80,169,25,126,125,189,24,16,62,61,89,138,32,96,188,124,145,2,0,146,173,109,45,13,77,141,46,110,174,142,108,172,140,44,12,14,78,48,112,49,50,113,177,114,178,176,117,181,118,182,53,54,57,121,58,116,180,120,52,56,184,185,122,186,104,168,88,72,153,18,76,162,28,81,224,228,232,200,196,192,208,197,229,233,193,209,198,214,202,230,234,210,194,213,217,218,212,216,201,248,249,250,220,60,240,245,242,246,225,244,226,30,29,92,156,94,158,157,93,137,90,74,154,105,152,191,127,63,111,175,143,159,79,95,15,47,31,255,239,207,223,243,179,115,183,51,55,59,119,123,187,251,235,254,253,252,238,206,237,205,221,222,170,211,195,227,215,199,219,231,203,241,35,3,19,83,67,99,131,23,7,39,27,11,163,236,247,106,43,87,71,91,75,103,107,147,171,151,204,167,155,135
run32,121,185,113,177,116,120,180,184,112,176,52,48,56,53,57,49,50,54,58,118,122,182,114,178,186,36,40,4,8,20,24,104,100,72,68,84,164,132,88,136,148,64,168,101,105,69,165,133,73,85,149,37,5,9,21,70,86,102,6,22,38,10,26,25,41,134,150,166,42,162,98,65,129,97,161,130,34,146,160,89,33,153,90,82,154,138,2,32,201,217,213,197,218,202,198,230,229,234,233,196,192,212,228,200,232,216,208,224,209,193,144,128,210,194,96,225,137,145,244,248,0,80,16,74,18,152,226,250,1,81,51,55,59,119,123,115,183,187,179,99,163,247,251,243,63,127,191,47,111,175,79,143,95,159,15,31,255,239,207,223,220,240,245,242,246,35,3,19,7,23,39,83,67,147,17,169,11,172,140,108,76,12,44,28,45,13,29,109,77,173,141,14,46,110,174,142,78,30,94,158,157,93,156,92,188,124,60,125,189,190,126,62,61,249,170,241,211,195,227,215,199,219,203,231,106,254,253,252,238,206,237,205,221,222,43,87,71,91,75,155,27,103,107,171,236,204,131,167,151,139,135
run33,69,73,42,149,6,10,26,70,86,22,25,9,5,37,101,102,133,165,66,162,98,130,134,150,21,41,137,161,97,33,34,166,182,218,202,198,197,213,217,230,234,229,233,201,54,58,122,57,53,117,121,181,185,186,105,49,50,113,177,114,178,170,100,164,68,84,132,148,168,4,20,36,8,40,24,88,72,116,120,184,52,56,180,112,176,48,144,128,80,160,32,0,16,196,212,216,228,232,96,64,152,200,146,192,82,208,224,129,2,209,193,210,194,89,90,154,74,104,136,225,145,65,248,18,153,1,226,250,172,108,140,76,156,44,12,173,109,77,141,110,174,142,45,13,46,78,14,61,188,124,189,125,190,126,62,60,94,158,157,93,30,29,92,28,220,240,245,242,246,244,169,17,81,138,249,191,127,63,111,175,143,79,159,95,15,31,47,255,239,207,223,243,179,115,51,119,183,55,59,123,187,251,241,235,106,254,253,252,238,206,237,205,221,222,227,211,195,215,199,219,203,231,35,3,19,99,67,83,163,39,23,7,147,43,247,236,27,11,103,71,107,167,87,75,91,171,204,131,151,139,135
run34,76,19,81,140,172,145,129,161,97,133,149,85,69,73,101,165,105,134,150,86,166,102,98,169,146,130,82,66,70,89,153,5,9,21,37,25,33,2,22,6,26,10,34,38,41,42,138,68,84,132,148,72,100,164,4,20,36,8,24,40,144,128,160,80,168,173,109,141,77,174,142,110,45,13,46,44,32,0,16,96,64,12,35,88,152,14,78,136,1,17,60,124,188,125,189,190,126,62,61,48,112,52,56,116,120,180,184,176,117,181,121,185,53,57,118,122,186,182,54,58,49,113,177,114,178,50,28,18,51,115,179,119,183,55,59,123,187,162,175,143,159,79,111,47,15,31,95,127,191,63,232,228,200,196,212,216,201,197,213,217,198,202,214,230,229,233,234,218,192,224,208,193,209,210,194,248,219,195,211,227,243,239,207,223,255,220,240,249,245,242,246,225,244,226,29,30,156,94,158,157,93,137,90,74,99,67,83,163,23,7,39,154,215,199,104,231,235,250,203,170,251,147,43,241,106,254,253,252,238,206,237,205,221,222,247,236,27,11,103,71,107,167,87,75,91,171,204,131,151,139,135
run35,9,5,21,41,37,6,10,26,22,42,38,69,73,85,101,70,86,102,65,133,149,165,66,150,134,166,89,153,72,4,20,36,68,84,100,132,148,164,8,168,24,40,117,121,185,57,58,54,53,122,118,186,50,114,49,162,98,129,161,97,130,82,34,88,152,33,90,154,160,137,178,182,181,177,146,120,184,56,52,116,2,104,136,180,112,176,48,128,96,32,74,144,145,64,80,18,0,183,115,119,123,187,55,59,51,171,94,158,142,157,141,93,30,77,16,156,14,174,110,173,109,46,45,13,108,172,140,44,76,12,125,29,190,126,189,62,61,188,124,60,105,92,28,232,228,200,196,212,216,197,213,217,229,233,201,198,202,214,230,234,218,192,208,224,209,193,210,194,225,249,226,1,191,127,63,47,15,31,111,79,95,143,159,175,227,243,248,255,239,207,223,220,206,237,205,221,222,169,252,81,17,250,253,240,245,242,246,244,254,138,241,251,170,219,235,106,211,195,215,199,203,231,35,3,19,83,67,147,23,7,39,99,27,11,163,247,236,43,87,71,91,75,155,103,107,204,131,167,151,139,135
run36,216,196,233,229,197,230,201,202,225,228,232,198,214,213,218,192,208,224,209,193,210,194,40,36,4,8,20,24,68,72,100,84,132,148,164,136,64,80,5,9,21,37,69,85,101,133,149,165,41,70,86,102,66,6,22,38,10,134,150,166,26,25,42,89,73,162,98,65,129,97,161,130,34,146,82,153,90,154,33,137,160,2,168,74,144,128,88,96,32,145,49,50,113,114,178,117,118,181,177,182,53,54,57,121,58,185,122,120,184,56,52,116,186,180,112,176,48,249,152,18,0,16,226,248,1,105,81,169,250,43,243,60,127,63,191,111,175,143,79,159,95,47,15,31,255,239,207,223,220,44,12,28,29,13,30,14,45,46,109,77,110,173,174,78,142,141,108,172,140,61,76,240,245,242,246,62,126,190,125,189,188,124,244,94,158,157,93,156,92,17,179,115,119,183,51,55,59,123,187,163,138,251,219,170,235,241,211,195,227,215,199,203,231,254,253,252,238,206,237,205,221,222,106,247,236,19,3,23,35,7,27,11,83,67,147,39,87,91,75,71,155,107,103,99,171,204,131,167,151,139,135
run37,36,8,20,24,72,69,73,85,149,101,165,5,9,21,37,70,86,102,100,68,84,132,148,164,168,66,6,22,38,10,117,121,185,57,53,58,54,122,118,186,50,114,49,26,25,134,150,166,42,41,178,56,52,120,116,184,48,112,176,98,65,129,97,161,130,162,33,34,89,153,146,88,152,2,90,154,137,160,182,177,181,180,82,96,32,136,128,74,144,64,145,104,0,80,18,16,233,229,234,201,217,197,230,202,198,214,213,218,200,196,212,216,228,232,192,224,208,209,193,210,194,225,249,226,1,248,105,81,169,11,243,44,12,108,172,140,76,124,188,60,189,125,190,126,62,61,173,109,77,110,141,174,142,46,45,13,78,14,94,158,157,93,156,29,92,28,220,240,245,246,242,244,17,250,138,191,127,63,175,111,143,159,79,95,15,47,31,179,115,119,183,51,55,59,123,187,163,255,239,207,223,251,170,235,241,106,254,253,252,238,206,237,205,221,222,211,195,227,215,219,199,203,231,247,236,19,3,35,23,83,67,147,7,39,43,87,71,91,75,155,27,107,103,99,171,204,131,167,151,139,135
run38,101,105,69,85,133,89,73,153,149,52,134,150,86,166,102,137,65,5,21,37,9,6,22,38,70,10,26,25,4,20,36,68,84,100,132,148,164,40,72,116,120,184,42,41,146,57,121,185,168,58,54,53,122,118,186,117,50,114,49,113,48,112,176,98,130,82,66,97,161,34,162,24,178,182,177,181,180,160,33,88,152,90,129,154,32,96,144,128,2,74,136,64,80,0,232,228,200,196,212,216,201,197,229,233,213,217,198,202,214,230,234,218,208,192,209,193,210,194,225,248,16,145,104,18,226,250,1,81,169,243,240,245,242,246,244,17,45,13,46,109,77,110,173,141,174,142,14,76,108,172,44,140,78,12,28,29,30,221,94,158,157,93,156,92,189,190,125,126,61,62,188,124,60,143,159,95,79,175,111,15,47,31,191,127,63,179,115,119,183,51,55,59,123,187,163,255,239,207,223,138,249,251,241,219,170,235,254,253,252,236,204,220,237,238,206,222,205,106,211,195,227,215,199,203,231,247,35,3,19,83,67,147,23,7,39,43,99,87,71,91,75,155,27,103,107,171,131,167,151,139,135
run39,169,69,101,133,73,85,149,70,86,129,6,10,38,102,9,5,37,130,21,162,98,161,97,66,25,26,89,146,150,153,33,34,41,134,100,164,104,72,68,132,84,148,88,152,4,8,20,36,24,40,136,160,2,42,90,154,126,125,189,62,61,82,168,74,96,32,128,144,64,48,112,176,116,180,52,120,56,184,113,177,117,181,121,185,118,182,53,57,54,49,58,114,50,178,122,186,145,188,124,80,0,60,18,174,110,109,77,173,141,142,46,45,13,78,108,172,14,140,44,76,75,139,27,11,166,94,158,157,93,30,156,16,29,81,137,1,12,92,232,228,200,196,212,216,197,192,213,201,217,229,233,198,202,230,234,214,218,208,224,209,193,210,194,225,248,226,250,105,17,227,28,47,15,31,79,95,111,143,159,175,63,127,191,239,207,223,255,220,240,249,245,242,246,244,23,19,3,83,67,147,35,7,39,99,87,71,51,115,179,119,183,55,59,123,187,243,163,138,43,219,241,170,251,211,195,215,199,203,231,235,106,254,253,252,238,206,237,205,221,222,247,236,103,107,171,151,204,131,167,155,135
run40,164,104,168,193,134,70,86,36,40,4,20,8,0,68,84,24,132,148,88,72,128,65,69,85,133,149,101,165,5,9,21,37,6,22,102,38,25,26,10,130,41,162,98,129,161,97,66,89,73,34,152,146,153,33,2,42,213,90,160,154,137,82,210,194,214,136,197,201,217,198,202,229,233,230,234,218,196,228,232,212,200,216,208,192,224,53,57,58,54,117,121,118,181,185,122,182,113,114,178,50,177,186,49,120,184,56,52,116,180,176,112,48,96,32,144,145,225,166,74,64,80,18,16,250,1,226,81,105,43,248,243,60,127,63,191,111,175,143,79,159,95,47,15,31,255,239,207,223,220,44,12,28,29,13,30,14,45,46,109,77,110,173,174,78,142,141,108,172,140,61,76,94,158,157,93,156,92,240,245,242,246,62,126,190,125,189,188,124,169,17,179,115,119,183,51,55,59,123,187,163,138,251,249,235,241,106,254,253,252,238,206,237,205,221,222,211,195,227,215,219,199,203,231,247,236,19,3,23,35,7,27,11,83,67,147,39,87,91,75,71,155,107,103,99,171,204,131,167,151,139,135
run41,42,52,6,10,22,26,5,9,21,37,69,85,101,133,165,149,102,86,73,66,146,116,120,184,100,164,68,84,132,148,168,4,20,36,8,192,208,228,232,57,121,185,58,54,53,122,186,118,117,50,114,49,113,48,112,176,178,162,98,130,161,97,41,33,34,40,182,181,177,180,25,24,88,72,89,153,137,152,150,134,70,166,154,138,144,80,128,16,160,127,191,197,229,233,193,209,198,214,202,230,234,210,194,213,217,218,32,96,64,90,2,201,145,129,212,216,200,224,0,65,18,81,82,136,248,105,74,225,104,47,15,31,111,79,95,143,159,175,207,223,239,255,226,250,1,220,240,245,242,246,244,17,169,172,140,108,76,12,44,28,45,13,109,77,173,141,14,46,110,174,142,78,29,30,94,158,157,93,156,92,188,124,60,125,189,190,126,62,61,243,249,170,241,51,115,179,119,183,55,59,123,187,251,235,106,211,195,227,215,199,219,203,231,254,253,252,238,206,237,205,221,222,35,3,19,83,67,147,23,7,39,99,27,11,163,247,236,43,87,71,91,75,155,103,107,204,131,167,151,139,135
run42,121,185,57,53,58,54,50,118,122,186,49,114,113,178,182,181,177,52,56,116,120,184,48,112,176,180,38,42,41,37,105,101,102,5,9,21,25,10,22,26,69,85,73,86,33,97,133,149,165,98,1,65,81,89,129,161,153,66,70,130,150,162,34,134,137,146,100,164,104,168,68,132,148,84,88,72,36,4,8,20,24,40,160,152,82,90,136,128,2,166,154,96,74,32,144,145,232,200,196,212,216,197,213,217,229,201,233,198,202,214,230,234,218,192,224,208,209,193,210,194,225,64,249,0,80,18,16,11,248,95,159,143,175,111,47,15,31,127,191,63,207,223,239,255,243,169,226,244,250,17,220,222,238,237,44,12,28,29,13,30,14,92,76,156,252,45,46,109,77,173,110,174,141,78,142,108,172,140,60,189,125,190,126,62,61,188,124,94,158,157,93,205,221,253,179,115,119,183,51,55,59,123,187,163,240,245,241,246,242,254,138,251,170,235,106,211,195,227,215,219,199,203,231,247,236,19,3,35,23,83,67,147,7,39,43,87,71,91,75,155,27,107,103,99,171,204,131,167,151,139,135
run43,126,199,219,125,61,189,58,57,53,49,50,118,122,117,121,185,186,114,113,178,182,181,177,231,195,211,227,52,56,48,112,176,116,120,180,184,235,188,124,60,96,160,32,0,36,40,4,8,20,24,104,100,72,68,84,132,136,164,148,168,16,101,165,69,133,85,149,73,5,9,21,37,70,86,102,66,6,22,38,10,26,25,41,162,98,97,161,130,33,34,150,134,42,146,89,153,2,137,90,154,74,129,82,88,128,144,64,80,65,145,166,105,18,110,174,109,78,142,77,173,141,45,13,46,14,108,172,44,140,12,76,1,169,19,7,23,3,35,67,99,71,83,131,39,27,11,30,29,94,158,157,93,156,28,92,152,47,15,31,79,111,175,143,95,159,223,191,127,63,81,17,179,115,119,183,51,55,59,123,187,163,221,87,91,75,155,43,138,203,255,243,170,106,103,107,171,218,202,214,198,213,197,217,210,194,209,193,226,201,225,230,229,234,233,208,192,224,196,228,212,200,216,232,252,253,254,236,204,220,237,238,206,222,205,242,239,207,250,246,249,245,241,248,244,251,247,147,167,151,139,135
run44,98,97,161,66,130,102,166,101,165,70,134,69,133,86,150,85,149,73,137,129,82,146,5,37,9,21,25,22,6,26,10,41,38,34,42,33,100,164,104,168,68,132,72,84,148,4,8,20,36,40,24,56,116,120,184,121,117,185,57,53,58,54,122,118,186,50,49,114,113,178,88,152,182,181,177,160,136,2,180,112,176,48,90,89,154,96,128,74,32,144,145,64,80,0,18,16,153,1,249,105,81,169,234,202,230,198,214,218,201,217,197,213,233,229,200,196,228,232,212,216,192,208,224,209,193,210,194,225,226,248,11,47,15,31,79,95,111,175,143,159,127,191,63,207,223,239,255,220,92,28,12,29,13,30,44,14,45,46,109,77,173,110,174,78,142,141,108,172,140,76,61,94,158,157,93,240,245,242,246,60,244,62,126,190,189,188,124,17,179,115,119,183,51,55,59,123,187,243,163,250,138,251,170,235,241,106,254,253,252,238,206,237,205,221,222,211,195,227,215,219,199,203,231,247,236,19,3,35,23,83,67,147,7,39,43,87,71,91,75,155,27,107,103,99,171,204,131,167,151,139,135
run45,73,67,134,138,150,141,85,69,133,149,70,86,102,165,101,93,147,153,137,201,197,213,99,5,9,21,25,37,6,22,26,10,38,41,42,214,198,202,218,230,234,229,233,82,103,107,71,7,23,39,3,19,35,171,43,158,142,94,78,98,66,130,65,97,161,33,34,129,145,146,105,2,68,84,132,148,72,100,164,4,20,36,8,24,40,168,144,128,80,160,88,152,30,14,16,200,216,196,212,228,232,96,64,32,0,136,156,1,17,81,18,192,224,208,193,209,210,194,29,13,92,28,12,76,140,44,108,172,45,46,109,173,110,174,77,162,90,74,225,49,50,54,53,57,58,117,121,181,185,118,122,186,182,113,177,114,178,116,180,120,184,112,176,52,56,48,125,190,126,189,62,61,188,124,51,55,59,119,123,183,187,115,179,154,235,247,251,243,248,240,249,245,242,246,244,226,60,169,237,238,205,236,204,220,221,206,222,104,253,254,252,163,27,11,111,175,143,159,79,95,47,15,31,63,127,191,255,239,207,223,87,91,75,155,250,219,211,195,227,215,199,170,231,203,241,106,167,151,131,139,135
run46,108,251,40,4,8,20,24,68,72,84,100,132,88,148,164,136,64,128,69,73,85,133,149,101,165,9,21,37,70,86,6,22,102,38,10,66,162,98,129,97,161,82,130,150,25,26,34,134,89,33,41,153,160,90,146,154,42,137,140,2,243,32,96,74,104,168,144,44,173,109,77,141,110,174,142,45,13,46,78,14,0,80,65,76,16,145,224,232,228,200,196,212,216,201,197,213,217,229,233,198,202,214,230,234,218,192,208,209,193,210,194,225,240,226,205,237,236,238,204,152,195,211,215,199,219,227,19,35,3,7,23,67,99,163,83,147,39,1,18,203,166,105,81,31,15,47,79,111,143,95,159,175,207,223,239,94,158,157,93,30,156,29,92,28,220,221,206,222,17,169,27,11,138,60,124,188,125,189,190,126,62,61,253,252,254,63,127,191,255,112,176,48,113,177,49,114,178,50,117,181,118,182,53,54,116,180,52,120,56,57,121,184,185,122,58,186,106,51,115,179,119,183,55,59,123,187,231,235,43,170,242,87,71,91,75,155,103,107,171,250,246,249,245,241,248,244,131,167,151,139,135
run47,9,21,6,22,26,37,38,42,4,8,20,36,69,85,101,165,133,102,86,149,68,84,132,148,136,100,164,66,162,98,130,25,161,97,41,24,146,150,89,73,34,70,134,40,153,160,33,90,154,137,129,2,82,74,88,72,96,32,128,144,104,168,64,233,229,201,197,213,217,202,198,214,234,218,196,212,216,228,200,232,192,224,208,209,193,210,194,225,145,65,80,49,50,113,114,178,177,117,181,118,182,53,54,57,121,58,116,120,180,56,52,184,185,122,176,112,48,186,248,166,18,0,152,105,226,250,1,81,169,243,240,249,245,242,246,244,17,45,13,46,109,77,110,173,141,174,142,14,76,108,172,44,140,78,12,28,29,30,221,94,158,157,93,156,92,189,190,125,126,61,62,188,124,60,143,159,95,79,175,111,15,47,31,191,127,63,179,115,119,183,51,55,59,123,187,163,255,239,207,223,138,251,241,219,170,235,254,253,252,236,204,220,237,238,206,222,205,106,211,195,227,215,199,203,231,247,19,3,23,35,7,27,11,83,67,147,39,87,91,75,155,71,99,103,107,171,131,167,151,139,135
run48,57,49,50,54,58,117,113,121,122,118,181,177,114,178,185,182,176,116,52,48,56,120,184,186,180,126,190,125,189,61,188,124,60,127,63,44,108,172,76,140,173,109,77,141,110,174,142,45,13,46,78,14,12,97,161,96,160,100,164,104,168,68,132,72,84,148,165,101,105,69,133,85,73,149,102,98,65,129,36,4,20,8,40,5,37,9,21,33,145,41,18,2,82,66,130,86,22,6,34,38,10,26,25,150,134,70,42,24,89,153,137,162,32,88,152,144,128,90,154,146,0,74,136,80,64,16,47,15,31,79,111,95,143,159,175,166,232,228,200,196,212,216,201,197,213,217,229,233,198,202,214,230,234,218,192,208,224,209,193,210,194,225,248,94,158,157,93,30,156,29,226,250,1,243,255,239,207,223,220,28,240,245,242,246,92,169,244,81,17,138,249,170,241,179,115,119,183,51,55,59,123,187,251,235,106,254,253,252,238,206,237,205,221,222,211,195,227,215,219,199,203,231,43,247,236,19,3,23,35,7,27,11,83,67,147,39,87,91,75,71,155,107,103,99,171,204,131,167,151,139,135
run49,48,112,176,169,116,56,120,127,117,121,53,57,49,113,54,58,118,122,185,186,50,114,178,177,63,182,181,180,124,160,96,164,100,64,68,104,168,128,132,84,148,36,4,72,20,97,40,161,101,165,69,133,85,37,5,73,102,21,6,70,38,9,22,86,98,65,129,81,33,66,130,162,34,25,24,88,26,10,150,146,152,134,41,89,2,153,42,90,136,82,154,32,74,144,145,0,80,115,179,183,51,55,119,59,123,187,167,16,137,188,189,125,190,126,62,61,173,109,45,44,108,172,76,140,77,141,13,110,174,78,142,46,14,12,60,47,15,31,79,111,95,143,159,175,232,228,200,196,212,216,197,213,217,229,233,201,198,202,214,230,234,218,192,208,224,209,193,210,194,225,249,227,243,248,255,239,207,223,94,158,157,93,30,156,29,18,220,28,226,240,245,246,242,92,244,1,166,17,105,250,138,251,170,219,241,235,211,195,215,199,203,231,106,254,253,252,238,206,237,205,221,222,19,3,35,23,83,67,147,7,39,27,11,99,163,43,247,236,87,91,75,71,155,107,103,171,204,131,151,139,135
run50,194,230,225,24,8,4,20,72,68,84,136,100,36,40,164,132,148,104,168,69,73,85,133,149,101,165,9,5,21,37,70,86,6,22,102,38,26,10,25,150,134,166,42,41,162,98,65,66,130,97,161,34,89,90,153,154,33,146,138,129,2,137,234,202,198,214,218,201,217,197,213,229,233,200,196,212,216,228,232,192,224,128,96,32,144,49,50,113,114,178,117,118,181,177,182,53,54,57,121,58,185,122,120,184,56,52,116,186,180,112,176,48,145,249,208,209,193,210,64,0,18,152,80,105,74,16,248,1,81,43,243,240,245,242,246,253,252,244,169,17,236,204,220,237,205,221,238,206,222,241,250,44,12,28,92,76,156,108,140,172,29,13,45,109,77,173,141,110,174,78,142,46,14,30,94,158,157,93,61,60,188,124,189,125,190,126,62,175,111,143,79,159,95,15,47,31,127,191,63,255,239,207,223,179,115,119,183,51,55,123,187,59,163,170,106,251,219,235,211,195,227,215,199,203,231,247,19,3,23,35,7,27,11,83,67,147,39,87,91,75,155,71,99,103,107,171,131,167,151,139,135
