,trial_1,trial_2,trial_3,trial_4,trial_5,trial_6,trial_7,trial_8,trial_9,trial_10
1,0.07692307692307693,0.0,0.0,0.0,0.0,0.0,0.0,0.0,0.07692307692307693,0.0
2,0.07692307692307693,0.0,0.0,0.0,0.0,0.0,0.0,0.0,0.07692307692307693,0.0
3,0.07692307692307693,0.0,0.0,0.0,0.0,0.0,0.0,0.0,0.07692307692307693,0.07692307692307693
4,0.07692307692307693,0.0,0.0,0.0,0.0,0.0,0.07692307692307693,0.0,0.07692307692307693,0.07692307692307693
5,0.07692307692307693,0.07692307692307693,0.0,0.0,0.0,0.0,0.07692307692307693,0.0,0.07692307692307693,0.07692307692307693
6,0.07692307692307693,0.07692307692307693,0.0,0.0,0.0,0.0,0.07692307692307693,0.07692307692307693,0.07692307692307693,0.07692307692307693
7,0.07692307692307693,0.07692307692307693,0.0,0.0,0.0,0.0,0.07692307692307693,0.07692307692307693,0.07692307692307693,0.07692307692307693
8,0.07692307692307693,0.07692307692307693,0.0,0.0,0.0,0.0,0.07692307692307693,0.07692307692307693,0.07692307692307693,0.07692307692307693
9,0.07692307692307693,0.07692307692307693,0.0,0.0,0.0,0.0,0.07692307692307693,0.07692307692307693,0.07692307692307693,0.07692307692307693
10,0.15384615384615385,0.07692307692307693,0.0,0.0,0.0,0.0,0.07692307692307693,0.07692307692307693,0.07692307692307693,0.07692307692307693
11,0.15384615384615385,0.07692307692307693,0.07692307692307693,0.0,0.0,0.0,0.07692307692307693,0.15384615384615385,0.07692307692307693,0.07692307692307693
12,0.15384615384615385,0.07692307692307693,0.07692307692307693,0.07692307692307693,0.07692307692307693,0.0,0.07692307692307693,0.15384615384615385,0.07692307692307693,0.15384615384615385
13,0.15384615384615385,0.07692307692307693,0.15384615384615385,0.15384615384615385,0.07692307692307693,0.0,0.07692307692307693,0.15384615384615385,0.07692307692307693,0.15384615384615385
14,0.15384615384615385,0.07692307692307693,0.15384615384615385,0.15384615384615385,0.07692307692307693,0.0,0.15384615384615385,0.23076923076923078,0.07692307692307693,0.15384615384615385
15,0.23076923076923078,0.07692307692307693,0.15384615384615385,0.15384615384615385,0.07692307692307693,0.0,0.23076923076923078,0.23076923076923078,0.07692307692307693,0.15384615384615385
16,0.23076923076923078,0.07692307692307693,0.15384615384615385,0.23076923076923078,0.15384615384615385,0.07692307692307693,0.23076923076923078,0.23076923076923078,0.07692307692307693,0.15384615384615385
17,0.23076923076923078,0.07692307692307693,0.15384615384615385,0.23076923076923078,0.15384615384615385,0.07692307692307693,0.23076923076923078,0.23076923076923078,0.07692307692307693,0.15384615384615385
18,0.23076923076923078,0.07692307692307693,0.15384615384615385,0.23076923076923078,0.15384615384615385,0.07692307692307693,0.23076923076923078,0.23076923076923078,0.07692307692307693,0.15384615384615385
19,0.23076923076923078,0.07692307692307693,0.15384615384615385,0.23076923076923078,0.15384615384615385,0.07692307692307693,0.3076923076923077,0.23076923076923078,0.07692307692307693,0.15384615384615385
20,0.3076923076923077,0.07692307692307693,0.15384615384615385,0.3076923076923077,0.23076923076923078,0.07692307692307693,0.38461538461538464,0.23076923076923078,0.07692307692307693,0.15384615384615385
21,0.3076923076923077,0.07692307692307693,0.15384615384615385,0.3076923076923077,0.23076923076923078,0.07692307692307693,0.38461538461538464,0.23076923076923078,0.07692307692307693,0.15384615384615385
22,0.38461538461538464,0.07692307692307693,0.15384615384615385,0.3076923076923077,0.23076923076923078,0.07692307692307693,0.38461538461538464,0.23076923076923078,0.07692307692307693,0.15384615384615385
23,0.38461538461538464,0.07692307692307693,0.15384615384615385,0.3076923076923077,0.23076923076923078,0.15384615384615385,0.38461538461538464,0.23076923076923078,0.07692307692307693,0.15384615384615385
24,0.38461538461538464,0.07692307692307693,0.15384615384615385,0.3076923076923077,0.23076923076923078,0.15384615384615385,0.46153846153846156,0.3076923076923077,0.15384615384615385,0.15384615384615385
25,0.38461538461538464,0.07692307692307693,0.15384615384615385,0.3076923076923077,0.3076923076923077,0.15384615384615385,0.46153846153846156,0.3076923076923077,0.23076923076923078,0.15384615384615385
26,0.38461538461538464,0.07692307692307693,0.15384615384615385,0.3076923076923077,0.3076923076923077,0.15384615384615385,0.46153846153846156,0.3076923076923077,0.3076923076923077,0.15384615384615385
27,0.38461538461538464,0.07692307692307693,0.15384615384615385,0.3076923076923077,0.38461538461538464,0.15384615384615385,0.46153846153846156,0.3076923076923077,0.3076923076923077,0.15384615384615385
28,0.38461538461538464,0.15384615384615385,0.15384615384615385,0.3076923076923077,0.46153846153846156,0.15384615384615385,0.46153846153846156,0.38461538461538464,0.3076923076923077,0.15384615384615385
29,0.38461538461538464,0.15384615384615385,0.15384615384615385,0.3076923076923077,0.46153846153846156,0.15384615384615385,0.46153846153846156,0.38461538461538464,0.3076923076923077,0.23076923076923078
30,0.38461538461538464,0.15384615384615385,0.15384615384615385,0.3076923076923077,0.46153846153846156,0.15384615384615385,0.46153846153846156,0.38461538461538464,0.3076923076923077,0.23076923076923078
31,0.38461538461538464,0.15384615384615385,0.23076923076923078,0.3076923076923077,0.46153846153846156,0.15384615384615385,0.46153846153846156,0.38461538461538464,0.3076923076923077,0.23076923076923078
32,0.38461538461538464,0.15384615384615385,0.23076923076923078,0.3076923076923077,0.46153846153846156,0.15384615384615385,0.46153846153846156,0.38461538461538464,0.3076923076923077,0.23076923076923078
33,0.38461538461538464,0.15384615384615385,0.23076923076923078,0.3076923076923077,0.46153846153846156,0.15384615384615385,0.46153846153846156,0.38461538461538464,0.3076923076923077,0.23076923076923078
34,0.38461538461538464,0.23076923076923078,0.23076923076923078,0.3076923076923077,0.46153846153846156,0.15384615384615385,0.46153846153846156,0.46153846153846156,0.3076923076923077,0.3076923076923077
35,0.38461538461538464,0.3076923076923077,0.23076923076923078,0.3076923076923077,0.46153846153846156,0.15384615384615385,0.46153846153846156,0.46153846153846156,0.3076923076923077,0.3076923076923077
36,0.46153846153846156,0.3076923076923077,0.23076923076923078,0.3076923076923077,0.46153846153846156,0.15384615384615385,0.46153846153846156,0.46153846153846156,0.3076923076923077,0.38461538461538464
37,0.5384615384615384,0.3076923076923077,0.23076923076923078,0.3076923076923077,0.46153846153846156,0.15384615384615385,0.46153846153846156,0.46153846153846156,0.3076923076923077,0.38461538461538464
38,0.5384615384615384,0.3076923076923077,0.23076923076923078,0.3076923076923077,0.46153846153846156,0.23076923076923078,0.46153846153846156,0.46153846153846156,0.3076923076923077,0.38461538461538464
39,0.5384615384615384,0.3076923076923077,0.23076923076923078,0.3076923076923077,0.5384615384615384,0.23076923076923078,0.46153846153846156,0.46153846153846156,0.3076923076923077,0.46153846153846156
40,0.6153846153846154,0.3076923076923077,0.23076923076923078,0.3076923076923077,0.5384615384615384,0.23076923076923078,0.5384615384615384,0.46153846153846156,0.3076923076923077,0.5384615384615384
41,0.6923076923076923,0.3076923076923077,0.23076923076923078,0.3076923076923077,0.5384615384615384,0.23076923076923078,0.5384615384615384,0.46153846153846156,0.3076923076923077,0.5384615384615384
42,0.6923076923076923,0.3076923076923077,0.23076923076923078,0.38461538461538464,0.5384615384615384,0.23076923076923078,0.5384615384615384,0.46153846153846156,0.3076923076923077,0.5384615384615384
43,0.6923076923076923,0.3076923076923077,0.23076923076923078,0.38461538461538464,0.5384615384615384,0.23076923076923078,0.5384615384615384,0.46153846153846156,0.3076923076923077,0.6153846153846154
44,0.6923076923076923,0.3076923076923077,0.23076923076923078,0.38461538461538464,0.5384615384615384,0.23076923076923078,0.5384615384615384,0.46153846153846156,0.3076923076923077,0.6153846153846154
45,0.6923076923076923,0.3076923076923077,0.23076923076923078,0.38461538461538464,0.5384615384615384,0.23076923076923078,0.5384615384615384,0.46153846153846156,0.3076923076923077,0.6153846153846154
46,0.6923076923076923,0.3076923076923077,0.23076923076923078,0.38461538461538464,0.5384615384615384,0.23076923076923078,0.5384615384615384,0.46153846153846156,0.3076923076923077,0.6153846153846154
47,0.6923076923076923,0.3076923076923077,0.23076923076923078,0.38461538461538464,0.6153846153846154,0.23076923076923078,0.5384615384615384,0.5384615384615384,0.3076923076923077,0.6153846153846154
48,0.6923076923076923,0.38461538461538464,0.3076923076923077,0.38461538461538464,0.6153846153846154,0.23076923076923078,0.5384615384615384,0.5384615384615384,0.3076923076923077,0.6153846153846154
49,0.6923076923076923,0.46153846153846156,0.3076923076923077,0.38461538461538464,0.6153846153846154,0.23076923076923078,0.5384615384615384,0.5384615384615384,0.38461538461538464,0.6153846153846154
50,0.7692307692307693,0.46153846153846156,0.3076923076923077,0.38461538461538464,0.6153846153846154,0.23076923076923078,0.5384615384615384,0.5384615384615384,0.38461538461538464,0.6153846153846154
51,0.7692307692307693,0.46153846153846156,0.3076923076923077,0.38461538461538464,0.6153846153846154,0.23076923076923078,0.5384615384615384,0.6153846153846154,0.38461538461538464,0.6153846153846154
52,0.7692307692307693,0.46153846153846156,0.38461538461538464,0.38461538461538464,0.6153846153846154,0.23076923076923078,0.6153846153846154,0.6923076923076923,0.38461538461538464,0.6153846153846154
53,0.7692307692307693,0.46153846153846156,0.38461538461538464,0.38461538461538464,0.6153846153846154,0.23076923076923078,0.6153846153846154,0.6923076923076923,0.38461538461538464,0.6153846153846154
54,0.7692307692307693,0.46153846153846156,0.38461538461538464,0.38461538461538464,0.6153846153846154,0.23076923076923078,0.6923076923076923,0.6923076923076923,0.38461538461538464,0.6153846153846154
55,0.7692307692307693,0.46153846153846156,0.38461538461538464,0.46153846153846156,0.6153846153846154,0.23076923076923078,0.6923076923076923,0.6923076923076923,0.38461538461538464,0.6153846153846154
56,0.7692307692307693,0.46153846153846156,0.46153846153846156,0.46153846153846156,0.6153846153846154,0.23076923076923078,0.6923076923076923,0.6923076923076923,0.46153846153846156,0.6153846153846154
57,0.7692307692307693,0.46153846153846156,0.46153846153846156,0.46153846153846156,0.6923076923076923,0.23076923076923078,0.6923076923076923,0.6923076923076923,0.5384615384615384,0.6923076923076923
58,0.7692307692307693,0.5384615384615384,0.46153846153846156,0.46153846153846156,0.6923076923076923,0.23076923076923078,0.6923076923076923,0.6923076923076923,0.5384615384615384,0.6923076923076923
59,0.7692307692307693,0.5384615384615384,0.46153846153846156,0.46153846153846156,0.6923076923076923,0.23076923076923078,0.6923076923076923,0.6923076923076923,0.5384615384615384,0.6923076923076923
60,0.7692307692307693,0.5384615384615384,0.46153846153846156,0.46153846153846156,0.6923076923076923,0.23076923076923078,0.6923076923076923,0.6923076923076923,0.5384615384615384,0.6923076923076923
61,0.7692307692307693,0.5384615384615384,0.46153846153846156,0.46153846153846156,0.6923076923076923,0.23076923076923078,0.6923076923076923,0.6923076923076923,0.5384615384615384,0.6923076923076923
62,0.7692307692307693,0.5384615384615384,0.46153846153846156,0.46153846153846156,0.6923076923076923,0.23076923076923078,0.6923076923076923,0.6923076923076923,0.5384615384615384,0.6923076923076923
63,0.7692307692307693,0.5384615384615384,0.46153846153846156,0.46153846153846156,0.6923076923076923,0.23076923076923078,0.6923076923076923,0.6923076923076923,0.5384615384615384,0.6923076923076923
64,0.7692307692307693,0.5384615384615384,0.46153846153846156,0.46153846153846156,0.6923076923076923,0.23076923076923078,0.6923076923076923,0.6923076923076923,0.5384615384615384,0.7692307692307693
65,0.7692307692307693,0.5384615384615384,0.46153846153846156,0.46153846153846156,0.6923076923076923,0.23076923076923078,0.6923076923076923,0.7692307692307693,0.5384615384615384,0.7692307692307693
66,0.7692307692307693,0.5384615384615384,0.46153846153846156,0.46153846153846156,0.6923076923076923,0.23076923076923078,0.6923076923076923,0.7692307692307693,0.5384615384615384,0.7692307692307693
67,0.7692307692307693,0.5384615384615384,0.5384615384615384,0.46153846153846156,0.6923076923076923,0.23076923076923078,0.6923076923076923,0.7692307692307693,0.5384615384615384,0.7692307692307693
68,0.7692307692307693,0.5384615384615384,0.5384615384615384,0.46153846153846156,0.6923076923076923,0.23076923076923078,0.6923076923076923,0.7692307692307693,0.5384615384615384,0.7692307692307693
69,0.7692307692307693,0.5384615384615384,0.6153846153846154,0.46153846153846156,0.6923076923076923,0.23076923076923078,0.6923076923076923,0.7692307692307693,0.5384615384615384,0.7692307692307693
70,0.7692307692307693,0.5384615384615384,0.6923076923076923,0.46153846153846156,0.6923076923076923,0.23076923076923078,0.6923076923076923,0.7692307692307693,0.5384615384615384,0.7692307692307693
71,0.7692307692307693,0.5384615384615384,0.6923076923076923,0.46153846153846156,0.6923076923076923,0.23076923076923078,0.6923076923076923,0.7692307692307693,0.6153846153846154,0.7692307692307693
72,0.7692307692307693,0.5384615384615384,0.6923076923076923,0.46153846153846156,0.6923076923076923,0.23076923076923078,0.6923076923076923,0.7692307692307693,0.6153846153846154,0.7692307692307693
73,0.7692307692307693,0.5384615384615384,0.6923076923076923,0.46153846153846156,0.7692307692307693,0.23076923076923078,0.6923076923076923,0.7692307692307693,0.6153846153846154,0.7692307692307693
74,0.7692307692307693,0.5384615384615384,0.6923076923076923,0.46153846153846156,0.7692307692307693,0.23076923076923078,0.6923076923076923,0.7692307692307693,0.6923076923076923,0.7692307692307693
75,0.7692307692307693,0.5384615384615384,0.6923076923076923,0.46153846153846156,0.7692307692307693,0.23076923076923078,0.7692307692307693,0.7692307692307693,0.6923076923076923,0.7692307692307693
76,0.7692307692307693,0.5384615384615384,0.6923076923076923,0.46153846153846156,0.7692307692307693,0.23076923076923078,0.7692307692307693,0.7692307692307693,0.6923076923076923,0.7692307692307693
77,0.7692307692307693,0.5384615384615384,0.6923076923076923,0.46153846153846156,0.7692307692307693,0.23076923076923078,0.7692307692307693,0.7692307692307693,0.6923076923076923,0.7692307692307693
78,0.7692307692307693,0.5384615384615384,0.6923076923076923,0.46153846153846156,0.7692307692307693,0.3076923076923077,0.7692307692307693,0.7692307692307693,0.6923076923076923,0.7692307692307693
79,0.7692307692307693,0.6153846153846154,0.6923076923076923,0.46153846153846156,0.7692307692307693,0.3076923076923077,0.7692307692307693,0.7692307692307693,0.6923076923076923,0.7692307692307693
80,0.7692307692307693,0.6153846153846154,0.6923076923076923,0.46153846153846156,0.7692307692307693,0.3076923076923077,0.7692307692307693,0.7692307692307693,0.6923076923076923,0.7692307692307693
81,0.7692307692307693,0.6153846153846154,0.6923076923076923,0.46153846153846156,0.7692307692307693,0.3076923076923077,0.7692307692307693,0.7692307692307693,0.6923076923076923,0.7692307692307693
82,0.8461538461538461,0.6153846153846154,0.6923076923076923,0.46153846153846156,0.7692307692307693,0.3076923076923077,0.7692307692307693,0.7692307692307693,0.6923076923076923,0.7692307692307693
83,0.8461538461538461,0.6153846153846154,0.6923076923076923,0.46153846153846156,0.7692307692307693,0.3076923076923077,0.7692307692307693,0.7692307692307693,0.6923076923076923,0.7692307692307693
84,0.8461538461538461,0.6153846153846154,0.6923076923076923,0.46153846153846156,0.7692307692307693,0.3076923076923077,0.7692307692307693,0.7692307692307693,0.6923076923076923,0.7692307692307693
85,0.8461538461538461,0.6153846153846154,0.6923076923076923,0.46153846153846156,0.7692307692307693,0.3076923076923077,0.7692307692307693,0.7692307692307693,0.6923076923076923,0.7692307692307693
86,0.8461538461538461,0.6153846153846154,0.6923076923076923,0.46153846153846156,0.7692307692307693,0.3076923076923077,0.7692307692307693,0.7692307692307693,0.6923076923076923,0.7692307692307693
87,0.8461538461538461,0.6153846153846154,0.6923076923076923,0.46153846153846156,0.7692307692307693,0.3076923076923077,0.7692307692307693,0.7692307692307693,0.6923076923076923,0.7692307692307693
88,0.8461538461538461,0.6153846153846154,0.6923076923076923,0.46153846153846156,0.7692307692307693,0.3076923076923077,0.7692307692307693,0.7692307692307693,0.6923076923076923,0.7692307692307693
89,0.8461538461538461,0.6153846153846154,0.6923076923076923,0.46153846153846156,0.7692307692307693,0.3076923076923077,0.7692307692307693,0.7692307692307693,0.7692307692307693,0.7692307692307693
90,0.8461538461538461,0.6153846153846154,0.6923076923076923,0.46153846153846156,0.7692307692307693,0.3076923076923077,0.7692307692307693,0.7692307692307693,0.7692307692307693,0.7692307692307693
91,0.8461538461538461,0.6153846153846154,0.6923076923076923,0.46153846153846156,0.7692307692307693,0.38461538461538464,0.7692307692307693,0.7692307692307693,0.7692307692307693,0.7692307692307693
92,0.8461538461538461,0.6153846153846154,0.6923076923076923,0.46153846153846156,0.7692307692307693,0.46153846153846156,0.7692307692307693,0.7692307692307693,0.7692307692307693,0.7692307692307693
93,0.8461538461538461,0.6153846153846154,0.6923076923076923,0.46153846153846156,0.8461538461538461,0.46153846153846156,0.7692307692307693,0.7692307692307693,0.7692307692307693,0.7692307692307693
94,0.8461538461538461,0.6923076923076923,0.6923076923076923,0.46153846153846156,0.8461538461538461,0.46153846153846156,0.7692307692307693,0.7692307692307693,0.7692307692307693,0.7692307692307693
95,0.8461538461538461,0.6923076923076923,0.6923076923076923,0.5384615384615384,0.8461538461538461,0.46153846153846156,0.7692307692307693,0.7692307692307693,0.7692307692307693,0.7692307692307693
96,0.8461538461538461,0.6923076923076923,0.6923076923076923,0.6153846153846154,0.8461538461538461,0.46153846153846156,0.7692307692307693,0.7692307692307693,0.7692307692307693,0.8461538461538461
97,0.8461538461538461,0.6923076923076923,0.6923076923076923,0.6153846153846154,0.8461538461538461,0.46153846153846156,0.7692307692307693,0.7692307692307693,0.7692307692307693,0.8461538461538461
98,0.8461538461538461,0.6923076923076923,0.6923076923076923,0.6153846153846154,0.8461538461538461,0.46153846153846156,0.7692307692307693,0.7692307692307693,0.7692307692307693,0.8461538461538461
99,0.8461538461538461,0.7692307692307693,0.6923076923076923,0.6153846153846154,0.8461538461538461,0.46153846153846156,0.7692307692307693,0.7692307692307693,0.7692307692307693,0.8461538461538461
100,0.8461538461538461,0.7692307692307693,0.6923076923076923,0.6153846153846154,0.8461538461538461,0.46153846153846156,0.7692307692307693,0.7692307692307693,0.7692307692307693,0.8461538461538461
101,0.8461538461538461,0.7692307692307693,0.7692307692307693,0.6153846153846154,0.8461538461538461,0.46153846153846156,0.7692307692307693,0.7692307692307693,0.7692307692307693,0.8461538461538461
102,0.8461538461538461,0.7692307692307693,0.7692307692307693,0.6153846153846154,0.8461538461538461,0.46153846153846156,0.7692307692307693,0.7692307692307693,0.7692307692307693,0.8461538461538461
103,0.8461538461538461,0.7692307692307693,0.7692307692307693,0.6153846153846154,0.8461538461538461,0.5384615384615384,0.8461538461538461,0.7692307692307693,0.7692307692307693,0.8461538461538461
104,0.8461538461538461,0.7692307692307693,0.7692307692307693,0.6153846153846154,0.8461538461538461,0.5384615384615384,0.8461538461538461,0.7692307692307693,0.8461538461538461,0.8461538461538461
105,0.8461538461538461,0.7692307692307693,0.7692307692307693,0.6153846153846154,0.8461538461538461,0.5384615384615384,0.8461538461538461,0.7692307692307693,0.8461538461538461,0.8461538461538461
106,0.8461538461538461,0.7692307692307693,0.7692307692307693,0.6153846153846154,0.8461538461538461,0.5384615384615384,0.8461538461538461,0.7692307692307693,0.8461538461538461,0.8461538461538461
107,0.8461538461538461,0.7692307692307693,0.7692307692307693,0.6153846153846154,0.8461538461538461,0.5384615384615384,0.8461538461538461,0.7692307692307693,0.8461538461538461,0.8461538461538461
108,0.8461538461538461,0.7692307692307693,0.7692307692307693,0.6153846153846154,0.8461538461538461,0.5384615384615384,0.8461538461538461,0.7692307692307693,0.8461538461538461,0.8461538461538461
109,0.8461538461538461,0.7692307692307693,0.7692307692307693,0.6153846153846154,0.8461538461538461,0.5384615384615384,0.8461538461538461,0.8461538461538461,0.8461538461538461,0.8461538461538461
110,0.8461538461538461,0.7692307692307693,0.7692307692307693,0.6153846153846154,0.8461538461538461,0.5384615384615384,0.8461538461538461,0.8461538461538461,0.8461538461538461,0.8461538461538461
111,0.9230769230769231,0.7692307692307693,0.7692307692307693,0.6153846153846154,0.8461538461538461,0.5384615384615384,0.8461538461538461,0.8461538461538461,0.8461538461538461,0.8461538461538461
112,0.9230769230769231,0.7692307692307693,0.7692307692307693,0.6923076923076923,0.8461538461538461,0.5384615384615384,0.8461538461538461,0.8461538461538461,0.9230769230769231,0.8461538461538461
113,0.9230769230769231,0.7692307692307693,0.7692307692307693,0.6923076923076923,0.8461538461538461,0.5384615384615384,0.8461538461538461,0.8461538461538461,0.9230769230769231,0.8461538461538461
114,0.9230769230769231,0.7692307692307693,0.7692307692307693,0.6923076923076923,0.8461538461538461,0.5384615384615384,0.8461538461538461,0.8461538461538461,0.9230769230769231,0.8461538461538461
115,0.9230769230769231,0.7692307692307693,0.8461538461538461,0.6923076923076923,0.8461538461538461,0.5384615384615384,0.8461538461538461,0.8461538461538461,0.9230769230769231,0.8461538461538461
116,0.9230769230769231,0.7692307692307693,0.8461538461538461,0.6923076923076923,0.8461538461538461,0.5384615384615384,0.8461538461538461,0.8461538461538461,1.0,0.8461538461538461
117,0.9230769230769231,0.7692307692307693,0.8461538461538461,0.6923076923076923,0.8461538461538461,0.5384615384615384,0.8461538461538461,0.8461538461538461,1.0,0.8461538461538461
118,0.9230769230769231,0.7692307692307693,0.8461538461538461,0.6923076923076923,0.8461538461538461,0.5384615384615384,0.8461538461538461,0.8461538461538461,1.0,0.8461538461538461
119,0.9230769230769231,0.7692307692307693,0.8461538461538461,0.6923076923076923,0.8461538461538461,0.5384615384615384,0.8461538461538461,0.8461538461538461,1.0,0.8461538461538461
120,0.9230769230769231,0.7692307692307693,0.8461538461538461,0.6923076923076923,0.8461538461538461,0.5384615384615384,0.8461538461538461,0.8461538461538461,1.0,0.8461538461538461
121,0.9230769230769231,0.7692307692307693,0.9230769230769231,0.6923076923076923,0.8461538461538461,0.5384615384615384,0.8461538461538461,0.8461538461538461,1.0,0.8461538461538461
122,0.9230769230769231,0.7692307692307693,0.9230769230769231,0.6923076923076923,0.8461538461538461,0.5384615384615384,0.8461538461538461,0.8461538461538461,1.0,0.8461538461538461
123,0.9230769230769231,0.7692307692307693,0.9230769230769231,0.6923076923076923,0.8461538461538461,0.5384615384615384,0.8461538461538461,0.8461538461538461,1.0,0.9230769230769231
124,0.9230769230769231,0.7692307692307693,0.9230769230769231,0.6923076923076923,0.8461538461538461,0.5384615384615384,0.8461538461538461,0.8461538461538461,1.0,0.9230769230769231
125,0.9230769230769231,0.7692307692307693,0.9230769230769231,0.6923076923076923,0.8461538461538461,0.5384615384615384,0.8461538461538461,0.8461538461538461,1.0,0.9230769230769231
126,0.9230769230769231,0.7692307692307693,0.9230769230769231,0.6923076923076923,0.8461538461538461,0.5384615384615384,0.8461538461538461,0.8461538461538461,1.0,0.9230769230769231
127,0.9230769230769231,0.7692307692307693,0.9230769230769231,0.6923076923076923,0.8461538461538461,0.6153846153846154,0.9230769230769231,0.8461538461538461,1.0,0.9230769230769231
128,0.9230769230769231,0.7692307692307693,0.9230769230769231,0.6923076923076923,0.8461538461538461,0.6153846153846154,0.9230769230769231,0.8461538461538461,1.0,0.9230769230769231
129,1.0,0.7692307692307693,0.9230769230769231,0.6923076923076923,0.8461538461538461,0.6153846153846154,0.9230769230769231,0.8461538461538461,1.0,0.9230769230769231
130,1.0,0.7692307692307693,0.9230769230769231,0.6923076923076923,0.8461538461538461,0.6153846153846154,0.9230769230769231,0.8461538461538461,1.0,0.9230769230769231
131,1.0,0.7692307692307693,0.9230769230769231,0.6923076923076923,0.8461538461538461,0.6153846153846154,0.9230769230769231,0.8461538461538461,1.0,1.0
132,1.0,0.7692307692307693,0.9230769230769231,0.6923076923076923,0.8461538461538461,0.6923076923076923,0.9230769230769231,0.8461538461538461,1.0,1.0
133,1.0,0.7692307692307693,0.9230769230769231,0.6923076923076923,0.8461538461538461,0.7692307692307693,0.9230769230769231,0.8461538461538461,1.0,1.0
134,1.0,0.8461538461538461,0.9230769230769231,0.6923076923076923,0.8461538461538461,0.7692307692307693,0.9230769230769231,0.8461538461538461,1.0,1.0
135,1.0,0.8461538461538461,0.9230769230769231,0.6923076923076923,0.8461538461538461,0.7692307692307693,0.9230769230769231,0.8461538461538461,1.0,1.0
136,1.0,0.8461538461538461,0.9230769230769231,0.6923076923076923,0.8461538461538461,0.7692307692307693,0.9230769230769231,0.8461538461538461,1.0,1.0
137,1.0,0.9230769230769231,0.9230769230769231,0.6923076923076923,0.8461538461538461,0.7692307692307693,0.9230769230769231,0.8461538461538461,1.0,1.0
138,1.0,0.9230769230769231,0.9230769230769231,0.7692307692307693,0.8461538461538461,0.7692307692307693,0.9230769230769231,0.8461538461538461,1.0,1.0
139,1.0,0.9230769230769231,0.9230769230769231,0.7692307692307693,0.8461538461538461,0.7692307692307693,0.9230769230769231,0.8461538461538461,1.0,1.0
140,1.0,0.9230769230769231,0.9230769230769231,0.7692307692307693,0.8461538461538461,0.7692307692307693,0.9230769230769231,0.8461538461538461,1.0,1.0
141,1.0,0.9230769230769231,0.9230769230769231,0.8461538461538461,0.8461538461538461,0.7692307692307693,0.9230769230769231,0.8461538461538461,1.0,1.0
142,1.0,0.9230769230769231,0.9230769230769231,0.8461538461538461,0.8461538461538461,0.7692307692307693,0.9230769230769231,0.8461538461538461,1.0,1.0
143,1.0,0.9230769230769231,0.9230769230769231,0.8461538461538461,0.8461538461538461,0.7692307692307693,0.9230769230769231,0.8461538461538461,1.0,1.0
144,1.0,0.9230769230769231,0.9230769230769231,0.8461538461538461,0.8461538461538461,0.7692307692307693,0.9230769230769231,0.8461538461538461,1.0,1.0
145,1.0,0.9230769230769231,0.9230769230769231,0.8461538461538461,0.8461538461538461,0.7692307692307693,0.9230769230769231,0.8461538461538461,1.0,1.0
146,1.0,0.9230769230769231,0.9230769230769231,0.8461538461538461,0.8461538461538461,0.8461538461538461,0.9230769230769231,0.8461538461538461,1.0,1.0
147,1.0,0.9230769230769231,0.9230769230769231,0.8461538461538461,0.8461538461538461,0.8461538461538461,0.9230769230769231,0.8461538461538461,1.0,1.0
148,1.0,0.9230769230769231,0.9230769230769231,0.8461538461538461,0.8461538461538461,0.8461538461538461,0.9230769230769231,0.8461538461538461,1.0,1.0
149,1.0,0.9230769230769231,0.9230769230769231,0.8461538461538461,0.8461538461538461,0.9230769230769231,0.9230769230769231,0.8461538461538461,1.0,1.0
150,1.0,0.9230769230769231,0.9230769230769231,0.8461538461538461,0.8461538461538461,0.9230769230769231,0.9230769230769231,0.8461538461538461,1.0,1.0
151,1.0,0.9230769230769231,0.9230769230769231,0.8461538461538461,0.8461538461538461,0.9230769230769231,0.9230769230769231,0.8461538461538461,1.0,1.0
152,1.0,0.9230769230769231,0.9230769230769231,0.8461538461538461,0.8461538461538461,0.9230769230769231,0.9230769230769231,0.8461538461538461,1.0,1.0
153,1.0,0.9230769230769231,0.9230769230769231,0.8461538461538461,0.8461538461538461,0.9230769230769231,0.9230769230769231,0.8461538461538461,1.0,1.0
154,1.0,0.9230769230769231,0.9230769230769231,0.8461538461538461,0.8461538461538461,0.9230769230769231,0.9230769230769231,0.8461538461538461,1.0,1.0
155,1.0,0.9230769230769231,0.9230769230769231,0.8461538461538461,0.8461538461538461,0.9230769230769231,0.9230769230769231,0.8461538461538461,1.0,1.0
156,1.0,0.9230769230769231,0.9230769230769231,0.8461538461538461,0.8461538461538461,0.9230769230769231,0.9230769230769231,0.8461538461538461,1.0,1.0
157,1.0,0.9230769230769231,0.9230769230769231,0.8461538461538461,0.8461538461538461,0.9230769230769231,0.9230769230769231,0.8461538461538461,1.0,1.0
158,1.0,0.9230769230769231,0.9230769230769231,0.8461538461538461,0.8461538461538461,0.9230769230769231,0.9230769230769231,0.8461538461538461,1.0,1.0
159,1.0,0.9230769230769231,0.9230769230769231,0.8461538461538461,0.8461538461538461,0.9230769230769231,0.9230769230769231,0.8461538461538461,1.0,1.0
160,1.0,0.9230769230769231,0.9230769230769231,0.8461538461538461,0.8461538461538461,0.9230769230769231,0.9230769230769231,0.8461538461538461,1.0,1.0
161,1.0,0.9230769230769231,1.0,0.8461538461538461,0.8461538461538461,0.9230769230769231,0.9230769230769231,0.8461538461538461,1.0,1.0
162,1.0,0.9230769230769231,1.0,0.9230769230769231,0.8461538461538461,0.9230769230769231,0.9230769230769231,0.8461538461538461,1.0,1.0
163,1.0,0.9230769230769231,1.0,1.0,0.8461538461538461,0.9230769230769231,0.9230769230769231,0.8461538461538461,1.0,1.0
164,1.0,0.9230769230769231,1.0,1.0,0.8461538461538461,0.9230769230769231,0.9230769230769231,0.8461538461538461,1.0,1.0
165,1.0,0.9230769230769231,1.0,1.0,0.8461538461538461,0.9230769230769231,0.9230769230769231,0.8461538461538461,1.0,1.0
166,1.0,0.9230769230769231,1.0,1.0,0.8461538461538461,0.9230769230769231,0.9230769230769231,0.8461538461538461,1.0,1.0
167,1.0,0.9230769230769231,1.0,1.0,0.8461538461538461,0.9230769230769231,0.9230769230769231,0.8461538461538461,1.0,1.0
168,1.0,0.9230769230769231,1.0,1.0,0.8461538461538461,0.9230769230769231,0.9230769230769231,0.8461538461538461,1.0,1.0
169,1.0,0.9230769230769231,1.0,1.0,0.8461538461538461,0.9230769230769231,0.9230769230769231,0.8461538461538461,1.0,1.0
170,1.0,0.9230769230769231,1.0,1.0,0.8461538461538461,0.9230769230769231,0.9230769230769231,0.8461538461538461,1.0,1.0
171,1.0,0.9230769230769231,1.0,1.0,0.8461538461538461,0.9230769230769231,0.9230769230769231,0.8461538461538461,1.0,1.0
172,1.0,0.9230769230769231,1.0,1.0,0.8461538461538461,0.9230769230769231,0.9230769230769231,0.8461538461538461,1.0,1.0
173,1.0,0.9230769230769231,1.0,1.0,0.8461538461538461,0.9230769230769231,0.9230769230769231,0.8461538461538461,1.0,1.0
174,1.0,0.9230769230769231,1.0,1.0,0.8461538461538461,0.9230769230769231,0.9230769230769231,0.8461538461538461,1.0,1.0
175,1.0,0.9230769230769231,1.0,1.0,0.8461538461538461,0.9230769230769231,0.9230769230769231,0.8461538461538461,1.0,1.0
176,1.0,0.9230769230769231,1.0,1.0,0.8461538461538461,0.9230769230769231,0.9230769230769231,0.8461538461538461,1.0,1.0
177,1.0,0.9230769230769231,1.0,1.0,0.8461538461538461,0.9230769230769231,0.9230769230769231,0.8461538461538461,1.0,1.0
178,1.0,0.9230769230769231,1.0,1.0,0.8461538461538461,0.9230769230769231,0.9230769230769231,0.8461538461538461,1.0,1.0
179,1.0,0.9230769230769231,1.0,1.0,0.8461538461538461,0.9230769230769231,0.9230769230769231,0.8461538461538461,1.0,1.0
180,1.0,0.9230769230769231,1.0,1.0,0.8461538461538461,0.9230769230769231,0.9230769230769231,0.8461538461538461,1.0,1.0
181,1.0,0.9230769230769231,1.0,1.0,0.8461538461538461,0.9230769230769231,0.9230769230769231,0.9230769230769231,1.0,1.0
182,1.0,0.9230769230769231,1.0,1.0,0.8461538461538461,0.9230769230769231,0.9230769230769231,0.9230769230769231,1.0,1.0
183,1.0,0.9230769230769231,1.0,1.0,0.8461538461538461,0.9230769230769231,0.9230769230769231,0.9230769230769231,1.0,1.0
184,1.0,0.9230769230769231,1.0,1.0,0.8461538461538461,0.9230769230769231,0.9230769230769231,0.9230769230769231,1.0,1.0
185,1.0,0.9230769230769231,1.0,1.0,0.8461538461538461,0.9230769230769231,0.9230769230769231,0.9230769230769231,1.0,1.0
186,1.0,0.9230769230769231,1.0,1.0,0.8461538461538461,0.9230769230769231,0.9230769230769231,0.9230769230769231,1.0,1.0
187,1.0,0.9230769230769231,1.0,1.0,0.8461538461538461,0.9230769230769231,0.9230769230769231,0.9230769230769231,1.0,1.0
188,1.0,0.9230769230769231,1.0,1.0,0.8461538461538461,0.9230769230769231,0.9230769230769231,0.9230769230769231,1.0,1.0
189,1.0,0.9230769230769231,1.0,1.0,0.9230769230769231,0.9230769230769231,0.9230769230769231,0.9230769230769231,1.0,1.0
190,1.0,0.9230769230769231,1.0,1.0,0.9230769230769231,0.9230769230769231,0.9230769230769231,0.9230769230769231,1.0,1.0
191,1.0,0.9230769230769231,1.0,1.0,0.9230769230769231,0.9230769230769231,0.9230769230769231,0.9230769230769231,1.0,1.0
192,1.0,0.9230769230769231,1.0,1.0,0.9230769230769231,0.9230769230769231,0.9230769230769231,0.9230769230769231,1.0,1.0
193,1.0,0.9230769230769231,1.0,1.0,0.9230769230769231,0.9230769230769231,0.9230769230769231,0.9230769230769231,1.0,1.0
194,1.0,0.9230769230769231,1.0,1.0,0.9230769230769231,0.9230769230769231,0.9230769230769231,0.9230769230769231,1.0,1.0
195,1.0,0.9230769230769231,1.0,1.0,0.9230769230769231,0.9230769230769231,0.9230769230769231,0.9230769230769231,1.0,1.0
196,1.0,0.9230769230769231,1.0,1.0,1.0,0.9230769230769231,0.9230769230769231,0.9230769230769231,1.0,1.0
197,1.0,0.9230769230769231,1.0,1.0,1.0,0.9230769230769231,1.0,0.9230769230769231,1.0,1.0
198,1.0,0.9230769230769231,1.0,1.0,1.0,0.9230769230769231,1.0,0.9230769230769231,1.0,1.0
199,1.0,0.9230769230769231,1.0,1.0,1.0,0.9230769230769231,1.0,0.9230769230769231,1.0,1.0
200,1.0,0.9230769230769231,1.0,1.0,1.0,0.9230769230769231,1.0,0.9230769230769231,1.0,1.0
201,1.0,1.0,1.0,1.0,1.0,0.9230769230769231,1.0,0.9230769230769231,1.0,1.0
202,1.0,1.0,1.0,1.0,1.0,0.9230769230769231,1.0,0.9230769230769231,1.0,1.0
203,1.0,1.0,1.0,1.0,1.0,0.9230769230769231,1.0,0.9230769230769231,1.0,1.0
204,1.0,1.0,1.0,1.0,1.0,0.9230769230769231,1.0,0.9230769230769231,1.0,1.0
205,1.0,1.0,1.0,1.0,1.0,0.9230769230769231,1.0,0.9230769230769231,1.0,1.0
206,1.0,1.0,1.0,1.0,1.0,0.9230769230769231,1.0,0.9230769230769231,1.0,1.0
207,1.0,1.0,1.0,1.0,1.0,0.9230769230769231,1.0,0.9230769230769231,1.0,1.0
208,1.0,1.0,1.0,1.0,1.0,0.9230769230769231,1.0,0.9230769230769231,1.0,1.0
209,1.0,1.0,1.0,1.0,1.0,0.9230769230769231,1.0,0.9230769230769231,1.0,1.0
210,1.0,1.0,1.0,1.0,1.0,0.9230769230769231,1.0,0.9230769230769231,1.0,1.0
211,1.0,1.0,1.0,1.0,1.0,1.0,1.0,0.9230769230769231,1.0,1.0
212,1.0,1.0,1.0,1.0,1.0,1.0,1.0,0.9230769230769231,1.0,1.0
213,1.0,1.0,1.0,1.0,1.0,1.0,1.0,0.9230769230769231,1.0,1.0
214,1.0,1.0,1.0,1.0,1.0,1.0,1.0,1.0,1.0,1.0
215,1.0,1.0,1.0,1.0,1.0,1.0,1.0,1.0,1.0,1.0
216,1.0,1.0,1.0,1.0,1.0,1.0,1.0,1.0,1.0,1.0
217,1.0,1.0,1.0,1.0,1.0,1.0,1.0,1.0,1.0,1.0
218,1.0,1.0,1.0,1.0,1.0,1.0,1.0,1.0,1.0,1.0
219,1.0,1.0,1.0,1.0,1.0,1.0,1.0,1.0,1.0,1.0
220,1.0,1.0,1.0,1.0,1.0,1.0,1.0,1.0,1.0,1.0
221,1.0,1.0,1.0,1.0,1.0,1.0,1.0,1.0,1.0,1.0
222,1.0,1.0,1.0,1.0,1.0,1.0,1.0,1.0,1.0,1.0
223,1.0,1.0,1.0,1.0,1.0,1.0,1.0,1.0,1.0,1.0
224,1.0,1.0,1.0,1.0,1.0,1.0,1.0,1.0,1.0,1.0
225,1.0,1.0,1.0,1.0,1.0,1.0,1.0,1.0,1.0,1.0
226,1.0,1.0,1.0,1.0,1.0,1.0,1.0,1.0,1.0,1.0
227,1.0,1.0,1.0,1.0,1.0,1.0,1.0,1.0,1.0,1.0
228,1.0,1.0,1.0,1.0,1.0,1.0,1.0,1.0,1.0,1.0
229,1.0,1.0,1.0,1.0,1.0,1.0,1.0,1.0,1.0,1.0
230,1.0,1.0,1.0,1.0,1.0,1.0,1.0,1.0,1.0,1.0
231,1.0,1.0,1.0,1.0,1.0,1.0,1.0,1.0,1.0,1.0
232,1.0,1.0,1.0,1.0,1.0,1.0,1.0,1.0,1.0,1.0
233,1.0,1.0,1.0,1.0,1.0,1.0,1.0,1.0,1.0,1.0
234,1.0,1.0,1.0,1.0,1.0,1.0,1.0,1.0,1.0,1.0
235,1.0,1.0,1.0,1.0,1.0,1.0,1.0,1.0,1.0,1.0
236,1.0,1.0,1.0,1.0,1.0,1.0,1.0,1.0,1.0,1.0
237,1.0,1.0,1.0,1.0,1.0,1.0,1.0,1.0,1.0,1.0
238,1.0,1.0,1.0,1.0,1.0,1.0,1.0,1.0,1.0,1.0
239,1.0,1.0,1.0,1.0,1.0,1.0,1.0,1.0,1.0,1.0
240,1.0,1.0,1.0,1.0,1.0,1.0,1.0,1.0,1.0,1.0
241,1.0,1.0,1.0,1.0,1.0,1.0,1.0,1.0,1.0,1.0
242,1.0,1.0,1.0,1.0,1.0,1.0,1.0,1.0,1.0,1.0
243,1.0,1.0,1.0,1.0,1.0,1.0,1.0,1.0,1.0,1.0
244,1.0,1.0,1.0,1.0,1.0,1.0,1.0,1.0,1.0,1.0
245,1.0,1.0,1.0,1.0,1.0,1.0,1.0,1.0,1.0,1.0
246,1.0,1.0,1.0,1.0,1.0,1.0,1.0,1.0,1.0,1.0
247,1.0,1.0,1.0,1.0,1.0,1.0,1.0,1.0,1.0,1.0
248,1.0,1.0,1.0,1.0,1.0,1.0,1.0,1.0,1.0,1.0
249,1.0,1.0,1.0,1.0,1.0,1.0,1.0,1.0,1.0,1.0
250,1.0,1.0,1.0,1.0,1.0,1.0,1.0,1.0,1.0,1.0
251,1.0,1.0,1.0,1.0,1.0,1.0,1.0,1.0,1.0,1.0
